Prime,Target,Condition,Counterbalance,Target identity (P=T),Degradation,index
candy.wav,candy.wav,1,a,1,1,1
orchid.wav,medicine.wav,4,a,0,0,2
horror.wav,horror.wav,1,a,1,1,3
guitar.wav,flashlight.wav,5,a,0,1,4
puppy.wav,arrow.wav,4,a,0,0,5
crisis.wav,notice.wav,4,a,0,0,6
welcome.wav,laundry.wav,4,a,0,0,7
racket.wav,rifle.wav,6,a,0,0,8
chipmunk.wav,turtle.wav,5,a,0,1,9
people.wav,people.wav,1,a,1,1,10
college.wav,passage.wav,3,a,0,1,11
canteen.wav,canteen.wav,1,a,1,1,12
chisel.wav,summer.wav,3,a,0,1,13
footware.wav,transfer.wav,5,a,0,1,14
porter.wav,exit.wav,4,a,0,0,15
salad.wav,canal.wav,3,a,0,1,16
nation.wav,display.wav,5,a,0,1,17
genius.wav,genius.wav,1,a,1,1,18
contract.wav,contract.wav,1,a,1,1,19
retreat.wav,body.wav,5,a,0,1,20
letter.wav,letter.wav,2,a,1,0,21
outside.wav,tractor.wav,6,a,0,0,22
margin.wav,platter.wav,3,a,0,1,23
mirror.wav,mirror.wav,1,a,1,1,24
cowboy.wav,drama.wav,5,a,0,1,25
filter.wav,sadden.wav,5,a,0,1,26
dispute.wav,dispute.wav,1,a,1,1,27
stomach.wav,christmas.wav,4,a,0,0,28
misuse.wav,profit.wav,6,a,0,0,29
extent.wav,extent.wav,2,a,1,0,30
wizard.wav,title.wav,3,a,0,1,31
beetle.wav,extra.wav,3,a,0,1,32
friction.wav,friction.wav,2,a,1,0,33
combine.wav,fountain.wav,3,a,0,1,34
insight.wav,insight.wav,2,a,1,0,35
kitten.wav,kitten.wav,1,a,1,1,36
bouquet.wav,bouquet.wav,2,a,1,0,37
china.wav,radish.wav,5,a,0,1,38
football.wav,athlete.wav,3,a,0,1,39
colonel.wav,protest.wav,4,a,0,0,40
crystal.wav,crystal.wav,2,a,1,0,41
nightgown.wav,nightgown.wav,1,a,1,1,42
flicker.wav,flicker.wav,1,a,1,1,43
havoc.wav,havoc.wav,2,a,1,0,44
danger.wav,danger.wav,1,a,1,1,45
party.wav,diet.wav,3,a,0,1,46
vacuum.wav,oyster.wav,5,a,0,1,47
picture.wav,brother.wav,4,a,0,0,48
mortgage.wav,nursery.wav,6,a,0,0,49
drizzle.wav,ballot.wav,3,a,0,1,50
adverb.wav,adverb.wav,2,a,1,0,51
tidy.wav,entry.wav,6,a,0,0,52
hygiene.wav,monkey.wav,5,a,0,1,53
blessing.wav,blessing.wav,2,a,1,0,54
engine.wav,perfect.wav,3,a,0,1,55
prophet.wav,prophet.wav,1,a,1,1,56
marriage.wav,marriage.wav,1,a,1,1,57
lizard.wav,fiddle.wav,3,a,0,1,58
tunnel.wav,helmet.wav,4,a,0,0,59
bottle.wav,infant.wav,5,a,0,1,60
flavor.wav,escape.wav,3,a,0,1,61
coffin.wav,disgrace.wav,4,a,0,0,62
empty.wav,adult.wav,3,a,0,1,63
effort.wav,symbol.wav,5,a,0,1,64
ladder.wav,palace.wav,6,a,0,0,65
period.wav,mileage.wav,5,a,0,1,66
baby.wav,belly.wav,6,a,0,0,67
major.wav,major.wav,2,a,1,0,68
trouble.wav,trouble.wav,1,a,1,1,69
dairy.wav,nightfall.wav,5,a,0,1,70
boredom.wav,scissors.wav,6,a,0,0,71
autumn.wav,echo.wav,3,a,0,1,72
dentist.wav,dreamer.wav,3,a,0,1,73
ideal.wav,glory.wav,3,a,0,1,74
dummy.wav,standard.wav,6,a,0,0,75
trombone.wav,pleasure.wav,6,a,0,0,76
mystic.wav,mystic.wav,2,a,1,0,77
contents.wav,contents.wav,1,a,1,1,78
finance.wav,patience.wav,3,a,0,1,79
missile.wav,entrance.wav,6,a,0,0,80
affair.wav,affair.wav,2,a,1,0,81
measure.wav,grammar.wav,6,a,0,0,82
cruiser.wav,mustard.wav,6,a,0,0,83
exhaust.wav,closet.wav,6,a,0,0,84
lesson.wav,landscape.wav,5,a,0,1,85
gallon.wav,difference.wav,6,a,0,0,86
miner.wav,lemon.wav,3,a,0,1,87
voter.wav,record.wav,6,a,0,0,88
artist.wav,lawyer.wav,4,a,0,0,89
hobby.wav,former.wav,4,a,0,0,90
relief.wav,relief.wav,2,a,1,0,91
supply.wav,supply.wav,1,a,1,1,92
ticket.wav,ticket.wav,2,a,1,0,93
culture.wav,culture.wav,2,a,1,0,94
respect.wav,respect.wav,1,a,1,1,95
output.wav,basement.wav,5,a,0,1,96
physics.wav,physics.wav,1,a,1,1,97
aerial.wav,merit.wav,5,a,0,1,98
mister.wav,special.wav,3,a,0,1,99
teacher.wav,statement.wav,4,a,0,0,100
iron.wav,justice.wav,4,a,0,0,101
navy.wav,navy.wav,2,a,1,0,102
cider.wav,cider.wav,2,a,1,0,103
stable.wav,puddle.wav,4,a,0,0,104
organ.wav,mustache.wav,6,a,0,0,105
poster.wav,poster.wav,1,a,1,1,106
modern.wav,soldier.wav,4,a,0,0,107
issue.wav,issue.wav,1,a,1,1,108
budget.wav,budget.wav,2,a,1,0,109
shadow.wav,grocer.wav,6,a,0,0,110
under.wav,streamer.wav,3,a,0,1,111
apple.wav,asphalt.wav,3,a,0,1,112
question.wav,tourist.wav,3,a,0,1,113
service.wav,shower.wav,5,a,0,1,114
method.wav,method.wav,1,a,1,1,115
mimic.wav,cigar.wav,4,a,0,0,116
toilet.wav,toilet.wav,2,a,1,0,117
menu.wav,dropper.wav,6,a,0,0,118
witness.wav,pudding.wav,3,a,0,1,119
pardon.wav,pardon.wav,1,a,1,1,120
outbreak.wav,substance.wav,5,a,0,1,121
liar.wav,alert.wav,6,a,0,0,122
murder.wav,robin.wav,5,a,0,1,123
casket.wav,casket.wav,2,a,1,0,124
thunder.wav,shortage.wav,6,a,0,0,125
quiet.wav,kernel.wav,6,a,0,0,126
bedroom.wav,grocer2.wav,3,a,0,1,127
lighter.wav,lighter.wav,2,a,1,0,128
walrus.wav,walrus.wav,2,a,1,0,129
chaos.wav,builder.wav,5,a,0,1,130
penny.wav,zero.wav,4,a,0,0,131
champion.wav,creature.wav,3,a,0,1,132
city.wav,moment.wav,5,a,0,1,133
support.wav,manure.wav,4,a,0,0,134
lady.wav,seller.wav,4,a,0,0,135
blunder.wav,blunder.wav,1,a,1,1,136
mistress.wav,banker.wav,4,a,0,0,137
concert.wav,beaver.wav,4,a,0,0,138
even.wav,carbon.wav,5,a,0,1,139
prayer.wav,bother.wav,6,a,0,0,140
concept.wav,mixer.wav,6,a,0,0,141
design.wav,column.wav,3,a,0,1,142
refuse.wav,motion.wav,3,a,0,1,143
spinach.wav,footstep.wav,6,a,0,0,144
format.wav,lettuce.wav,6,a,0,0,145
zipper.wav,berry.wav,3,a,0,1,146
system.wav,convent.wav,6,a,0,0,147
pepper.wav,pepper.wav,1,a,1,1,148
sender.wav,vapour.wav,3,a,0,1,149
challenge.wav,challenge.wav,1,a,1,1,150
choir.wav,choir.wav,1,a,1,1,151
clover.wav,midnight.wav,4,a,0,0,152
blanket.wav,pretence.wav,4,a,0,0,153
mixture.wav,mixture.wav,2,a,1,0,154
dandruff.wav,dandruff.wav,2,a,1,0,155
worker.wav,captain.wav,6,a,0,0,156
minute.wav,soccer.wav,5,a,0,1,157
person.wav,person.wav,2,a,1,0,158
thistle.wav,cancer.wav,4,a,0,0,159
boating.wav,unit.wav,3,a,0,1,160
carpet.wav,whisper.wav,4,a,0,0,161
chapel.wav,chapel.wav,2,a,1,0,162
hatchet.wav,riot.wav,6,a,0,0,163
metal.wav,metal.wav,2,a,1,0,164
pimple.wav,nephew.wav,6,a,0,0,165
concern.wav,tulip.wav,5,a,0,1,166
control.wav,outfit.wav,4,a,0,0,167
magic.wav,giant.wav,5,a,0,1,168
defense.wav,channel.wav,3,a,0,1,169
remark.wav,remark.wav,1,a,1,1,170
common.wav,common.wav,2,a,1,0,171
cannon.wav,cradle.wav,4,a,0,0,172
hardship.wav,belief.wav,5,a,0,1,173
treatment.wav,treatment.wav,1,a,1,1,174
office.wav,office.wav,1,a,1,1,175
vessel.wav,soda.wav,4,a,0,0,176
career.wav,kettle.wav,5,a,0,1,177
lecture.wav,lecture.wav,1,a,1,1,178
distance.wav,distance.wav,2,a,1,0,179
suspect.wav,suspect.wav,2,a,1,0,180
chuckle.wav,chuckle.wav,2,a,1,0,181
pressure.wav,pronoun.wav,5,a,0,1,182
disease.wav,disease.wav,1,a,1,1,183
childhood.wav,water.wav,6,a,0,0,184
flower.wav,granny.wav,6,a,0,0,185
reason.wav,alley.wav,5,a,0,1,186
collar.wav,collar.wav,2,a,1,0,187
purpose.wav,instinct.wav,6,a,0,0,188
cotton.wav,sucker.wav,6,a,0,0,189
virtue.wav,virtue.wav,1,a,1,1,190
linen.wav,better.wav,5,a,0,1,191
ceiling.wav,wallet.wav,4,a,0,0,192
balance.wav,apron.wav,4,a,0,0,193
trainer.wav,bullet.wav,4,a,0,0,194
results.wav,revenge.wav,4,a,0,0,195
alien.wav,pastor.wav,4,a,0,0,196
spider.wav,cousin.wav,5,a,0,1,197
marvel.wav,account.wav,4,a,0,0,198
abuse.wav,abuse.wav,2,a,1,0,199
member.wav,member.wav,2,a,1,0,200
fire.wav,fire.wav,1,a,1,1,201
army.wav,cellar.wav,4,a,0,0,202
barrel.wav,barrel.wav,1,a,1,1,203
nonsense.wav,anchor.wav,5,a,0,1,204
pliers.wav,regret.wav,4,a,0,0,205
onion.wav,hotel.wav,4,a,0,0,206
weather.wav,parcel.wav,6,a,0,0,207
squirrel.wav,salute.wav,4,a,0,0,208
mattress.wav,station.wav,6,a,0,0,209
function.wav,function.wav,2,a,1,0,210
answer.wav,answer.wav,2,a,1,0,211
brandy.wav,incline.wav,6,a,0,0,212
button.wav,knuckle.wav,5,a,0,1,213
mankind.wav,mankind.wav,2,a,1,0,214
axle.wav,axle.wav,2,a,1,0,215
rescue.wav,rescue.wav,2,a,1,0,216
forward.wav,event.wav,5,a,0,1,217
dollar.wav,keeper.wav,3,a,0,1,218
steamer.wav,steamer.wav,2,a,1,0,219
center.wav,center.wav,1,a,1,1,220
defeat.wav,carrot.wav,3,a,0,1,221
dial.wav,shelter.wav,4,a,0,0,222
factor.wav,costume.wav,3,a,0,1,223
winter.wav,blossom.wav,3,a,0,1,224
interest.wav,loafer.wav,6,a,0,0,225
estate.wav,courage.wav,4,a,0,0,226
promise.wav,magnet.wav,3,a,0,1,227
level.wav,level.wav,1,a,1,1,228
exchange.wav,bottom.wav,6,a,0,0,229
finish.wav,fever.wav,3,a,0,1,230
forehead.wav,volume.wav,3,a,0,1,231
blister.wav,stocking.wav,3,a,0,1,232
surprise.wav,surprise.wav,2,a,1,0,233
odour.wav,harbor.wav,4,a,0,0,234
delight.wav,delight.wav,1,a,1,1,235
forearm.wav,mansion.wav,6,a,0,0,236
border.wav,temper.wav,5,a,0,1,237
reading.wav,island.wav,3,a,0,1,238
refrain.wav,refrain.wav,2,a,1,0,239
hockey.wav,boulder.wav,6,a,0,0,240
princess.wav,petal.wav,5,a,0,1,241
powder.wav,harvest.wav,4,a,0,0,242
chicken.wav,riddle.wav,4,a,0,0,243
million.wav,million.wav,1,a,1,1,244
talent.wav,speaker.wav,5,a,0,1,245
liver.wav,spirit.wav,5,a,0,1,246
clothing.wav,clothing.wav,1,a,1,1,247
sunlight.wav,supper.wav,4,a,0,0,248
polish.wav,current.wav,3,a,0,1,249
poet.wav,antique.wav,5,a,0,1,250
fortune.wav,fortune.wav,2,a,1,0,251
stadium.wav,sorrow.wav,5,a,0,1,252
meadow.wav,meadow.wav,2,a,1,0,253
medal.wav,cereal.wav,5,a,0,1,254
robber.wav,robber.wav,2,a,1,0,255
forecast.wav,runner.wav,4,a,0,0,256
moisture.wav,content.wav,6,a,0,0,257
pebble.wav,pony.wav,3,a,0,1,258
trailer.wav,candle.wav,6,a,0,0,259
prison.wav,bracelet.wav,3,a,0,1,260
lotion.wav,lotion.wav,1,a,1,1,261
maroon.wav,fashion.wav,3,a,0,1,262
needle.wav,noodle.wav,5,a,0,1,263
bunny.wav,parade.wav,5,a,0,1,264
fabel.wav,fabel.wav,2,a,1,0,265
sergeant.wav,sergeant.wav,1,a,1,1,266
morning.wav,receipt.wav,6,a,0,0,267
surplus.wav,upset.wav,6,a,0,0,268
subject.wav,mountain.wav,5,a,0,1,269
daylight.wav,daylight.wav,2,a,1,0,270
meeting.wav,driver.wav,6,a,0,0,271
Indian.wav,device.wav,6,a,0,0,272
navel.wav,despair.wav,6,a,0,0,273
response.wav,response.wav,1,a,1,1,274
equal.wav,whiskey.wav,5,a,0,1,275
chestnut.wav,woman.wav,4,a,0,0,276
freedom.wav,narrow.wav,5,a,0,1,277
presence.wav,evening.wav,4,a,0,0,278
cynic.wav,cynic.wav,1,a,1,1,279
capsule.wav,father.wav,3,a,0,1,280
cocktail.wav,cocktail.wav,1,a,1,1,281
sunshine.wav,sunshine.wav,1,a,1,1,282
village.wav,package.wav,5,a,0,1,283
sewer.wav,sewer.wav,1,a,1,1,284
fifteen.wav,cafe.wav,5,a,0,1,285
impact.wav,impact.wav,1,a,1,1,286
nature.wav,product.wav,3,a,0,1,287
dancer.wav,dancer.wav,1,a,1,1,288
bandage.wav,maple.wav,6,a,0,0,289
money.wav,singer.wav,3,a,0,1,290
music.wav,music.wav,2,a,1,0,291
theory.wav,wire.wav,4,a,0,0,292
fairy.wav,pocket.wav,3,a,0,1,293
walnut.wav,walnut.wav,1,a,1,1,294
future.wav,future.wav,2,a,1,0,295
other.wav,reward.wav,5,a,0,1,296
contact.wav,hammer.wav,6,a,0,0,297
gravy.wav,partner.wav,4,a,0,0,298
novel.wav,novel.wav,2,a,1,0,299
council.wav,neighbor.wav,3,a,0,1,300
million.wav,million.wav,2,b,1,0,1
council.wav,neighbor.wav,4,b,0,0,2
morning.wav,receipt.wav,6,b,0,0,3
defense.wav,channel.wav,4,b,0,0,4
margin.wav,platter.wav,4,b,0,0,5
footware.wav,transfer.wav,5,b,0,1,6
modern.wav,soldier.wav,3,b,0,1,7
childhood.wav,water.wav,6,b,0,0,8
challenge.wav,challenge.wav,2,b,1,0,9
contents.wav,contents.wav,2,b,1,0,10
Indian.wav,device.wav,6,b,0,0,11
party.wav,diet.wav,4,b,0,0,12
level.wav,level.wav,2,b,1,0,13
format.wav,lettuce.wav,6,b,0,0,14
talent.wav,speaker.wav,5,b,0,1,15
crystal.wav,crystal.wav,1,b,1,1,16
interest.wav,loafer.wav,6,b,0,0,17
marriage.wav,marriage.wav,2,b,1,0,18
racket.wav,rifle.wav,6,b,0,0,19
retreat.wav,body.wav,5,b,0,1,20
collar.wav,collar.wav,1,b,1,1,21
control.wav,outfit.wav,3,b,0,1,22
prison.wav,bracelet.wav,4,b,0,0,23
pliers.wav,regret.wav,3,b,0,1,24
mistress.wav,banker.wav,3,b,0,1,25
pebble.wav,pony.wav,4,b,0,0,26
nonsense.wav,anchor.wav,5,b,0,1,27
career.wav,kettle.wav,5,b,0,1,28
defeat.wav,carrot.wav,4,b,0,0,29
navel.wav,despair.wav,6,b,0,0,30
chestnut.wav,woman.wav,3,b,0,1,31
flower.wav,granny.wav,6,b,0,0,32
culture.wav,culture.wav,1,b,1,1,33
artist.wav,lawyer.wav,3,b,0,1,34
dial.wav,shelter.wav,3,b,0,1,35
equal.wav,whiskey.wav,5,b,0,1,36
nightgown.wav,nightgown.wav,2,b,1,0,37
even.wav,carbon.wav,5,b,0,1,38
dancer.wav,dancer.wav,2,b,1,0,39
gravy.wav,partner.wav,3,b,0,1,40
misuse.wav,profit.wav,6,b,0,0,41
marvel.wav,account.wav,3,b,0,1,42
music.wav,music.wav,1,b,1,1,43
mirror.wav,mirror.wav,2,b,1,0,44
puppy.wav,arrow.wav,3,b,0,1,45
outbreak.wav,substance.wav,5,b,0,1,46
sewer.wav,sewer.wav,2,b,1,0,47
lesson.wav,landscape.wav,5,b,0,1,48
factor.wav,costume.wav,4,b,0,0,49
cocktail.wav,cocktail.wav,2,b,1,0,50
issue.wav,issue.wav,2,b,1,0,51
shadow.wav,grocer.wav,6,b,0,0,52
results.wav,revenge.wav,3,b,0,1,53
porter.wav,exit.wav,3,b,0,1,54
prayer.wav,bother.wav,6,b,0,0,55
mattress.wav,station.wav,6,b,0,0,56
pimple.wav,nephew.wav,6,b,0,0,57
future.wav,future.wav,1,b,1,1,58
mixture.wav,mixture.wav,1,b,1,1,59
nature.wav,product.wav,4,b,0,0,60
walnut.wav,walnut.wav,2,b,1,0,61
contract.wav,contract.wav,2,b,1,0,62
exhaust.wav,closet.wav,6,b,0,0,63
hobby.wav,former.wav,3,b,0,1,64
quiet.wav,kernel.wav,6,b,0,0,65
maroon.wav,fashion.wav,4,b,0,0,66
hygiene.wav,monkey.wav,5,b,0,1,67
surprise.wav,surprise.wav,1,b,1,1,68
liar.wav,alert.wav,6,b,0,0,69
carpet.wav,whisper.wav,3,b,0,1,70
beetle.wav,extra.wav,4,b,0,0,71
clover.wav,midnight.wav,3,b,0,1,72
contact.wav,hammer.wav,6,b,0,0,73
horror.wav,horror.wav,2,b,1,0,74
tunnel.wav,helmet.wav,3,b,0,1,75
bottle.wav,infant.wav,5,b,0,1,76
chaos.wav,builder.wav,5,b,0,1,77
border.wav,temper.wav,5,b,0,1,78
empty.wav,adult.wav,4,b,0,0,79
trouble.wav,trouble.wav,2,b,1,0,80
zipper.wav,berry.wav,4,b,0,0,81
voter.wav,record.wav,6,b,0,0,82
steamer.wav,steamer.wav,1,b,1,1,83
forearm.wav,mansion.wav,6,b,0,0,84
lighter.wav,lighter.wav,1,b,1,1,85
affair.wav,affair.wav,1,b,1,1,86
football.wav,athlete.wav,4,b,0,0,87
welcome.wav,laundry.wav,3,b,0,1,88
lotion.wav,lotion.wav,2,b,1,0,89
theory.wav,wire.wav,3,b,0,1,90
aerial.wav,merit.wav,5,b,0,1,91
remark.wav,remark.wav,2,b,1,0,92
brandy.wav,incline.wav,6,b,0,0,93
mankind.wav,mankind.wav,1,b,1,1,94
stable.wav,puddle.wav,3,b,0,1,95
boredom.wav,scissors.wav,6,b,0,0,96
filter.wav,sadden.wav,5,b,0,1,97
baby.wav,belly.wav,6,b,0,0,98
polish.wav,current.wav,4,b,0,0,99
letter.wav,letter.wav,1,b,1,1,100
disease.wav,disease.wav,2,b,1,0,101
candy.wav,candy.wav,2,b,1,0,102
thunder.wav,shortage.wav,6,b,0,0,103
insight.wav,insight.wav,1,b,1,1,104
service.wav,shower.wav,5,b,0,1,105
choir.wav,choir.wav,2,b,1,0,106
wizard.wav,title.wav,4,b,0,0,107
cider.wav,cider.wav,1,b,1,1,108
flicker.wav,flicker.wav,2,b,1,0,109
novel.wav,novel.wav,1,b,1,1,110
alien.wav,pastor.wav,3,b,0,1,111
bedroom.wav,grocer2.wav,4,b,0,0,112
chapel.wav,chapel.wav,1,b,1,1,113
under.wav,streamer.wav,4,b,0,0,114
virtue.wav,virtue.wav,2,b,1,0,115
weather.wav,parcel.wav,6,b,0,0,116
sunshine.wav,sunshine.wav,2,b,1,0,117
ladder.wav,palace.wav,6,b,0,0,118
danger.wav,danger.wav,2,b,1,0,119
fortune.wav,fortune.wav,1,b,1,1,120
spider.wav,cousin.wav,5,b,0,1,121
mister.wav,special.wav,4,b,0,0,122
engine.wav,perfect.wav,4,b,0,0,123
extent.wav,extent.wav,1,b,1,1,124
college.wav,passage.wav,4,b,0,0,125
major.wav,major.wav,1,b,1,1,126
other.wav,reward.wav,5,b,0,1,127
suspect.wav,suspect.wav,1,b,1,1,128
ticket.wav,ticket.wav,1,b,1,1,129
people.wav,people.wav,2,b,1,0,130
meadow.wav,meadow.wav,1,b,1,1,131
city.wav,moment.wav,5,b,0,1,132
surplus.wav,upset.wav,6,b,0,0,133
delight.wav,delight.wav,2,b,1,0,134
forehead.wav,volume.wav,4,b,0,0,135
chipmunk.wav,turtle.wav,5,b,0,1,136
daylight.wav,daylight.wav,1,b,1,1,137
minute.wav,soccer.wav,5,b,0,1,138
fabel.wav,fabel.wav,1,b,1,1,139
sergeant.wav,sergeant.wav,2,b,1,0,140
dandruff.wav,dandruff.wav,1,b,1,1,141
hockey.wav,boulder.wav,6,b,0,0,142
office.wav,office.wav,2,b,1,0,143
fifteen.wav,cafe.wav,5,b,0,1,144
iron.wav,justice.wav,3,b,0,1,145
adverb.wav,adverb.wav,1,b,1,1,146
coffin.wav,disgrace.wav,3,b,0,1,147
exchange.wav,bottom.wav,6,b,0,0,148
clothing.wav,clothing.wav,2,b,1,0,149
lecture.wav,lecture.wav,2,b,1,0,150
medal.wav,cereal.wav,5,b,0,1,151
design.wav,column.wav,4,b,0,0,152
witness.wav,pudding.wav,4,b,0,0,153
pepper.wav,pepper.wav,2,b,1,0,154
teacher.wav,statement.wav,3,b,0,1,155
treatment.wav,treatment.wav,2,b,1,0,156
champion.wav,creature.wav,4,b,0,0,157
gallon.wav,difference.wav,6,b,0,0,158
casket.wav,casket.wav,1,b,1,1,159
bouquet.wav,bouquet.wav,1,b,1,1,160
mortgage.wav,nursery.wav,6,b,0,0,161
army.wav,cellar.wav,3,b,0,1,162
rescue.wav,rescue.wav,1,b,1,1,163
answer.wav,answer.wav,1,b,1,1,164
salad.wav,canal.wav,4,b,0,0,165
colonel.wav,protest.wav,3,b,0,1,166
moisture.wav,content.wav,6,b,0,0,167
miner.wav,lemon.wav,4,b,0,0,168
physics.wav,physics.wav,2,b,1,0,169
autumn.wav,echo.wav,4,b,0,0,170
trailer.wav,candle.wav,6,b,0,0,171
prophet.wav,prophet.wav,2,b,1,0,172
liver.wav,spirit.wav,5,b,0,1,173
stadium.wav,sorrow.wav,5,b,0,1,174
reason.wav,alley.wav,5,b,0,1,175
effort.wav,symbol.wav,5,b,0,1,176
spinach.wav,footstep.wav,6,b,0,0,177
abuse.wav,abuse.wav,1,b,1,1,178
sender.wav,vapour.wav,4,b,0,0,179
common.wav,common.wav,1,b,1,1,180
presence.wav,evening.wav,3,b,0,1,181
outside.wav,tractor.wav,6,b,0,0,182
missile.wav,entrance.wav,6,b,0,0,183
mimic.wav,cigar.wav,3,b,0,1,184
nation.wav,display.wav,5,b,0,1,185
cannon.wav,cradle.wav,3,b,0,1,186
powder.wav,harvest.wav,3,b,0,1,187
budget.wav,budget.wav,1,b,1,1,188
boating.wav,unit.wav,4,b,0,0,189
princess.wav,petal.wav,5,b,0,1,190
worker.wav,captain.wav,6,b,0,0,191
freedom.wav,narrow.wav,5,b,0,1,192
odour.wav,harbor.wav,3,b,0,1,193
support.wav,manure.wav,3,b,0,1,194
refuse.wav,motion.wav,4,b,0,0,195
axle.wav,axle.wav,1,b,1,1,196
promise.wav,magnet.wav,4,b,0,0,197
chicken.wav,riddle.wav,3,b,0,1,198
meeting.wav,driver.wav,6,b,0,0,199
dairy.wav,nightfall.wav,5,b,0,1,200
cotton.wav,sucker.wav,6,b,0,0,201
distance.wav,distance.wav,1,b,1,1,202
apple.wav,asphalt.wav,4,b,0,0,203
robber.wav,robber.wav,1,b,1,1,204
hatchet.wav,riot.wav,6,b,0,0,205
supply.wav,supply.wav,2,b,1,0,206
hardship.wav,belief.wav,5,b,0,1,207
pardon.wav,pardon.wav,2,b,1,0,208
china.wav,radish.wav,5,b,0,1,209
function.wav,function.wav,1,b,1,1,210
question.wav,tourist.wav,4,b,0,0,211
squirrel.wav,salute.wav,3,b,0,1,212
capsule.wav,father.wav,4,b,0,0,213
onion.wav,hotel.wav,3,b,0,1,214
cynic.wav,cynic.wav,2,b,1,0,215
organ.wav,mustache.wav,6,b,0,0,216
method.wav,method.wav,2,b,1,0,217
poster.wav,poster.wav,2,b,1,0,218
lady.wav,seller.wav,3,b,0,1,219
sunlight.wav,supper.wav,3,b,0,1,220
drizzle.wav,ballot.wav,4,b,0,0,221
button.wav,knuckle.wav,5,b,0,1,222
finance.wav,patience.wav,4,b,0,0,223
kitten.wav,kitten.wav,2,b,1,0,224
combine.wav,fountain.wav,4,b,0,0,225
picture.wav,brother.wav,3,b,0,1,226
blister.wav,stocking.wav,4,b,0,0,227
bandage.wav,maple.wav,6,b,0,0,228
winter.wav,blossom.wav,4,b,0,0,229
bunny.wav,parade.wav,5,b,0,1,230
trainer.wav,bullet.wav,3,b,0,1,231
dispute.wav,dispute.wav,2,b,1,0,232
output.wav,basement.wav,5,b,0,1,233
money.wav,singer.wav,4,b,0,0,234
blessing.wav,blessing.wav,1,b,1,1,235
havoc.wav,havoc.wav,1,b,1,1,236
concept.wav,mixer.wav,6,b,0,0,237
genius.wav,genius.wav,2,b,1,0,238
estate.wav,courage.wav,3,b,0,1,239
member.wav,member.wav,1,b,1,1,240
blanket.wav,pretence.wav,3,b,0,1,241
ceiling.wav,wallet.wav,3,b,0,1,242
crisis.wav,notice.wav,3,b,0,1,243
barrel.wav,barrel.wav,2,b,1,0,244
response.wav,response.wav,2,b,1,0,245
linen.wav,better.wav,5,b,0,1,246
walrus.wav,walrus.wav,1,b,1,1,247
navy.wav,navy.wav,1,b,1,1,248
concert.wav,beaver.wav,3,b,0,1,249
flavor.wav,escape.wav,4,b,0,0,250
ideal.wav,glory.wav,4,b,0,0,251
concern.wav,tulip.wav,5,b,0,1,252
thistle.wav,cancer.wav,3,b,0,1,253
fairy.wav,pocket.wav,4,b,0,0,254
period.wav,mileage.wav,5,b,0,1,255
cruiser.wav,mustard.wav,6,b,0,0,256
penny.wav,zero.wav,3,b,0,1,257
chuckle.wav,chuckle.wav,1,b,1,1,258
village.wav,package.wav,5,b,0,1,259
dollar.wav,keeper.wav,4,b,0,0,260
reading.wav,island.wav,4,b,0,0,261
impact.wav,impact.wav,2,b,1,0,262
mystic.wav,mystic.wav,1,b,1,1,263
relief.wav,relief.wav,1,b,1,1,264
dentist.wav,dreamer.wav,4,b,0,0,265
menu.wav,dropper.wav,6,b,0,0,266
forward.wav,event.wav,5,b,0,1,267
dummy.wav,standard.wav,6,b,0,0,268
forecast.wav,runner.wav,3,b,0,1,269
orchid.wav,medicine.wav,3,b,0,1,270
center.wav,center.wav,2,b,1,0,271
tidy.wav,entry.wav,6,b,0,0,272
toilet.wav,toilet.wav,1,b,1,1,273
murder.wav,robin.wav,5,b,0,1,274
pressure.wav,pronoun.wav,5,b,0,1,275
guitar.wav,flashlight.wav,5,b,0,1,276
respect.wav,respect.wav,2,b,1,0,277
needle.wav,noodle.wav,5,b,0,1,278
cowboy.wav,drama.wav,5,b,0,1,279
purpose.wav,instinct.wav,6,b,0,0,280
canteen.wav,canteen.wav,2,b,1,0,281
friction.wav,friction.wav,1,b,1,1,282
stomach.wav,christmas.wav,3,b,0,1,283
poet.wav,antique.wav,5,b,0,1,284
trombone.wav,pleasure.wav,6,b,0,0,285
blunder.wav,blunder.wav,2,b,1,0,286
measure.wav,grammar.wav,6,b,0,0,287
system.wav,convent.wav,6,b,0,0,288
fire.wav,fire.wav,2,b,1,0,289
subject.wav,mountain.wav,5,b,0,1,290
metal.wav,metal.wav,1,b,1,1,291
chisel.wav,summer.wav,4,b,0,0,292
person.wav,person.wav,1,b,1,1,293
magic.wav,giant.wav,5,b,0,1,294
balance.wav,apron.wav,3,b,0,1,295
refrain.wav,refrain.wav,1,b,1,1,296
vessel.wav,soda.wav,3,b,0,1,297
finish.wav,fever.wav,4,b,0,0,298
lizard.wav,fiddle.wav,4,b,0,0,299
vacuum.wav,oyster.wav,5,b,0,1,300
question.wav,barrel.wav,3,c,0,1,1
perfect.wav,perfect.wav,1,c,1,1,2
cradle.wav,cradle.wav,2,c,1,0,3
dentist.wav,virtue.wav,3,c,0,1,4
party.wav,remark.wav,3,c,0,1,5
midnight.wav,midnight.wav,2,c,1,0,6
empty.wav,office.wav,3,c,0,1,7
island.wav,island.wav,1,c,1,1,8
cotton.wav,sucker.wav,6,c,0,0,9
apron.wav,apron.wav,2,c,1,0,10
fountain.wav,fountain.wav,1,c,1,1,11
control.wav,common.wav,4,c,0,0,12
account.wav,account.wav,2,c,1,0,13
miner.wav,cynic.wav,3,c,0,1,14
fever.wav,fever.wav,1,c,1,1,15
athlete.wav,athlete.wav,1,c,1,1,16
echo.wav,echo.wav,1,c,1,1,17
lizard.wav,challenge.wav,3,c,0,1,18
theory.wav,lighter.wav,4,c,0,0,19
trainer.wav,cider.wav,4,c,0,0,20
odour.wav,navy.wav,4,c,0,0,21
army.wav,adverb.wav,4,c,0,0,22
other.wav,reward.wav,5,c,0,1,23
platter.wav,platter.wav,1,c,1,1,24
quiet.wav,kernel.wav,6,c,0,0,25
lawyer.wav,lawyer.wav,2,c,1,0,26
ceiling.wav,extent.wav,4,c,0,0,27
output.wav,basement.wav,5,c,0,1,28
coffin.wav,chapel.wav,4,c,0,0,29
voter.wav,record.wav,6,c,0,0,30
protest.wav,protest.wav,2,c,1,0,31
fifteen.wav,cafe.wav,5,c,0,1,32
title.wav,title.wav,1,c,1,1,33
channel.wav,channel.wav,1,c,1,1,34
statement.wav,statement.wav,2,c,1,0,35
harbor.wav,harbor.wav,2,c,1,0,36
button.wav,knuckle.wav,5,c,0,1,37
nation.wav,display.wav,5,c,0,1,38
shadow.wav,grocer.wav,6,c,0,0,39
aerial.wav,merit.wav,5,c,0,1,40
unit.wav,unit.wav,1,c,1,1,41
fairy.wav,flicker.wav,3,c,0,1,42
apple.wav,method.wav,3,c,0,1,43
exchange.wav,bottom.wav,6,c,0,0,44
concept.wav,mixer.wav,6,c,0,0,45
passage.wav,passage.wav,1,c,1,1,46
finish.wav,danger.wav,3,c,0,1,47
zero.wav,zero.wav,2,c,1,0,48
missile.wav,entrance.wav,6,c,0,0,49
mistress.wav,fortune.wav,4,c,0,0,50
motion.wav,motion.wav,1,c,1,1,51
beetle.wav,lecture.wav,3,c,0,1,52
factor.wav,pardon.wav,3,c,0,1,53
former.wav,former.wav,2,c,1,0,54
magnet.wav,magnet.wav,1,c,1,1,55
footware.wav,transfer.wav,5,c,0,1,56
disgrace.wav,disgrace.wav,2,c,1,0,57
money.wav,marriage.wav,3,c,0,1,58
surplus.wav,upset.wav,6,c,0,0,59
hatchet.wav,riot.wav,6,c,0,0,60
trailer.wav,candle.wav,6,c,0,0,61
flower.wav,granny.wav,6,c,0,0,62
pony.wav,pony.wav,1,c,1,1,63
bottle.wav,infant.wav,5,c,0,1,64
maroon.wav,sergeant.wav,3,c,0,1,65
bracelet.wav,bracelet.wav,1,c,1,1,66
boredom.wav,scissors.wav,6,c,0,0,67
woman.wav,woman.wav,2,c,1,0,68
laundry.wav,laundry.wav,2,c,1,0,69
dairy.wav,nightfall.wav,5,c,0,1,70
cigar.wav,cigar.wav,2,c,1,0,71
streamer.wav,streamer.wav,1,c,1,1,72
riddle.wav,riddle.wav,2,c,1,0,73
wizard.wav,dispute.wav,3,c,0,1,74
drizzle.wav,sewer.wav,3,c,0,1,75
forearm.wav,mansion.wav,6,c,0,0,76
pretence.wav,pretence.wav,2,c,1,0,77
reason.wav,alley.wav,5,c,0,1,78
magic.wav,giant.wav,5,c,0,1,79
volume.wav,volume.wav,1,c,1,1,80
thunder.wav,shortage.wav,6,c,0,0,81
harvest.wav,harvest.wav,2,c,1,0,82
hobby.wav,havoc.wav,4,c,0,0,83
baby.wav,belly.wav,6,c,0,0,84
minute.wav,soccer.wav,5,c,0,1,85
lemon.wav,lemon.wav,1,c,1,1,86
iron.wav,friction.wav,4,c,0,0,87
gravy.wav,daylight.wav,4,c,0,0,88
guitar.wav,flashlight.wav,5,c,0,1,89
patience.wav,patience.wav,1,c,1,1,90
refuse.wav,people.wav,3,c,0,1,91
service.wav,shower.wav,5,c,0,1,92
pudding.wav,pudding.wav,1,c,1,1,93
concern.wav,tulip.wav,5,c,0,1,94
beaver.wav,beaver.wav,2,c,1,0,95
reading.wav,impact.wav,3,c,0,1,96
autumn.wav,fire.wav,3,c,0,1,97
liver.wav,spirit.wav,5,c,0,1,98
clover.wav,collar.wav,4,c,0,0,99
chestnut.wav,ticket.wav,4,c,0,0,100
brandy.wav,incline.wav,6,c,0,0,101
cellar.wav,cellar.wav,2,c,1,0,102
blossom.wav,blossom.wav,1,c,1,1,103
menu.wav,dropper.wav,6,c,0,0,104
forecast.wav,rescue.wav,4,c,0,0,105
cancer.wav,cancer.wav,2,c,1,0,106
helmet.wav,helmet.wav,2,c,1,0,107
medicine.wav,medicine.wav,2,c,1,0,108
purpose.wav,instinct.wav,6,c,0,0,109
effort.wav,symbol.wav,5,c,0,1,110
pressure.wav,pronoun.wav,5,c,0,1,111
medal.wav,cereal.wav,5,c,0,1,112
mimic.wav,budget.wav,4,c,0,0,113
outbreak.wav,substance.wav,5,c,0,1,114
prison.wav,contents.wav,3,c,0,1,115
evening.wav,evening.wav,2,c,1,0,116
alien.wav,chuckle.wav,4,c,0,0,117
lady.wav,walrus.wav,4,c,0,0,118
linen.wav,better.wav,5,c,0,1,119
Indian.wav,device.wav,6,c,0,0,120
morning.wav,receipt.wav,6,c,0,0,121
marvel.wav,steamer.wav,4,c,0,0,122
pocket.wav,pocket.wav,1,c,1,1,123
singer.wav,singer.wav,1,c,1,1,124
creature.wav,creature.wav,1,c,1,1,125
results.wav,relief.wav,4,c,0,0,126
ideal.wav,sunshine.wav,3,c,0,1,127
bunny.wav,parade.wav,5,c,0,1,128
runner.wav,runner.wav,2,c,1,0,129
navel.wav,despair.wav,6,c,0,0,130
dummy.wav,standard.wav,6,c,0,0,131
colonel.wav,metal.wav,4,c,0,0,132
cruiser.wav,mustard.wav,6,c,0,0,133
childhood.wav,water.wav,6,c,0,0,134
thistle.wav,novel.wav,4,c,0,0,135
weather.wav,parcel.wav,6,c,0,0,136
city.wav,moment.wav,5,c,0,1,137
ladder.wav,palace.wav,6,c,0,0,138
manure.wav,manure.wav,2,c,1,0,139
combine.wav,million.wav,3,c,0,1,140
spinach.wav,footstep.wav,6,c,0,0,141
freedom.wav,narrow.wav,5,c,0,1,142
chaos.wav,builder.wav,5,c,0,1,143
dollar.wav,trouble.wav,3,c,0,1,144
presence.wav,major.wav,4,c,0,0,145
salad.wav,prophet.wav,3,c,0,1,146
measure.wav,grammar.wav,6,c,0,0,147
tourist.wav,tourist.wav,1,c,1,1,148
powder.wav,music.wav,4,c,0,0,149
dial.wav,distance.wav,4,c,0,0,150
needle.wav,noodle.wav,5,c,0,1,151
exhaust.wav,closet.wav,6,c,0,0,152
village.wav,package.wav,5,c,0,1,153
support.wav,suspect.wav,4,c,0,0,154
design.wav,supply.wav,3,c,0,1,155
tidy.wav,entry.wav,6,c,0,0,156
college.wav,response.wav,3,c,0,1,157
chicken.wav,insight.wav,4,c,0,0,158
revenge.wav,revenge.wav,2,c,1,0,159
hotel.wav,hotel.wav,2,c,1,0,160
notice.wav,notice.wav,2,c,1,0,161
hardship.wav,belief.wav,5,c,0,1,162
orchid.wav,mystic.wav,4,c,0,0,163
council.wav,clothing.wav,3,c,0,1,164
organ.wav,mustache.wav,6,c,0,0,165
neighbor.wav,neighbor.wav,1,c,1,1,166
soldier.wav,soldier.wav,2,c,1,0,167
liar.wav,alert.wav,6,c,0,0,168
filter.wav,sadden.wav,5,c,0,1,169
tunnel.wav,refrain.wav,4,c,0,0,170
welcome.wav,culture.wav,4,c,0,0,171
defeat.wav,candy.wav,3,c,0,1,172
cannon.wav,mankind.wav,4,c,0,0,173
summer.wav,summer.wav,1,c,1,1,174
banker.wav,banker.wav,2,c,1,0,175
estate.wav,letter.wav,4,c,0,0,176
asphalt.wav,asphalt.wav,1,c,1,1,177
supper.wav,supper.wav,2,c,1,0,178
mattress.wav,station.wav,6,c,0,0,179
shelter.wav,shelter.wav,2,c,1,0,180
finance.wav,center.wav,3,c,0,1,181
border.wav,temper.wav,5,c,0,1,182
arrow.wav,arrow.wav,2,c,1,0,183
prayer.wav,bother.wav,6,c,0,0,184
diet.wav,diet.wav,1,c,1,1,185
china.wav,radish.wav,5,c,0,1,186
costume.wav,costume.wav,1,c,1,1,187
promise.wav,disease.wav,3,c,0,1,188
whisper.wav,whisper.wav,2,c,1,0,189
sender.wav,cocktail.wav,3,c,0,1,190
misuse.wav,profit.wav,6,c,0,0,191
artist.wav,answer.wav,4,c,0,0,192
under.wav,level.wav,3,c,0,1,193
seller.wav,seller.wav,2,c,1,0,194
moisture.wav,content.wav,6,c,0,0,195
vapour.wav,vapour.wav,1,c,1,1,196
puddle.wav,puddle.wav,2,c,1,0,197
exit.wav,exit.wav,2,c,1,0,198
extra.wav,extra.wav,1,c,1,1,199
pimple.wav,nephew.wav,6,c,0,0,200
puppy.wav,member.wav,4,c,0,0,201
father.wav,father.wav,1,c,1,1,202
contact.wav,hammer.wav,6,c,0,0,203
picture.wav,dandruff.wav,4,c,0,0,204
canal.wav,canal.wav,1,c,1,1,205
equal.wav,whiskey.wav,5,c,0,1,206
pebble.wav,mirror.wav,3,c,0,1,207
hygiene.wav,monkey.wav,5,c,0,1,208
zipper.wav,pepper.wav,3,c,0,1,209
bedroom.wav,blunder.wav,3,c,0,1,210
concert.wav,robber.wav,4,c,0,0,211
worker.wav,captain.wav,6,c,0,0,212
margin.wav,physics.wav,3,c,0,1,213
vessel.wav,future.wav,4,c,0,0,214
retreat.wav,body.wav,5,c,0,1,215
wire.wav,wire.wav,2,c,1,0,216
trombone.wav,pleasure.wav,6,c,0,0,217
period.wav,mileage.wav,5,c,0,1,218
forehead.wav,walnut.wav,3,c,0,1,219
wallet.wav,wallet.wav,2,c,1,0,220
nature.wav,horror.wav,3,c,0,1,221
nonsense.wav,anchor.wav,5,c,0,1,222
soda.wav,soda.wav,2,c,1,0,223
forward.wav,event.wav,5,c,0,1,224
stable.wav,affair.wav,4,c,0,0,225
justice.wav,justice.wav,2,c,1,0,226
stadium.wav,sorrow.wav,5,c,0,1,227
talent.wav,speaker.wav,5,c,0,1,228
outside.wav,tractor.wav,6,c,0,0,229
champion.wav,dancer.wav,3,c,0,1,230
engine.wav,nightgown.wav,3,c,0,1,231
keeper.wav,keeper.wav,1,c,1,1,232
glory.wav,glory.wav,1,c,1,1,233
meeting.wav,driver.wav,6,c,0,0,234
escape.wav,escape.wav,1,c,1,1,235
christmas.wav,christmas.wav,2,c,1,0,236
grocer2.wav,grocer2.wav,1,c,1,1,237
ballot.wav,ballot.wav,1,c,1,1,238
interest.wav,loafer.wav,6,c,0,0,239
berry.wav,berry.wav,1,c,1,1,240
dreamer.wav,dreamer.wav,1,c,1,1,241
football.wav,kitten.wav,3,c,0,1,242
vacuum.wav,oyster.wav,5,c,0,1,243
adult.wav,adult.wav,1,c,1,1,244
cowboy.wav,drama.wav,5,c,0,1,245
gallon.wav,difference.wav,6,c,0,0,246
murder.wav,robin.wav,5,c,0,1,247
partner.wav,partner.wav,2,c,1,0,248
polish.wav,poster.wav,3,c,0,1,249
balance.wav,fabel.wav,4,c,0,0,250
column.wav,column.wav,1,c,1,1,251
even.wav,carbon.wav,5,c,0,1,252
boating.wav,genius.wav,3,c,0,1,253
product.wav,product.wav,1,c,1,1,254
lesson.wav,landscape.wav,5,c,0,1,255
mister.wav,issue.wav,3,c,0,1,256
winter.wav,respect.wav,3,c,0,1,257
format.wav,lettuce.wav,6,c,0,0,258
witness.wav,delight.wav,3,c,0,1,259
carpet.wav,mixture.wav,4,c,0,0,260
spider.wav,cousin.wav,5,c,0,1,261
teacher.wav,meadow.wav,4,c,0,0,262
crisis.wav,casket.wav,4,c,0,0,263
bandage.wav,maple.wav,6,c,0,0,264
squirrel.wav,surprise.wav,4,c,0,0,265
modern.wav,crystal.wav,4,c,0,0,266
blanket.wav,bouquet.wav,4,c,0,0,267
capsule.wav,contract.wav,3,c,0,1,268
onion.wav,blessing.wav,4,c,0,0,269
mortgage.wav,nursery.wav,6,c,0,0,270
sunlight.wav,axle.wav,4,c,0,0,271
hockey.wav,boulder.wav,6,c,0,0,272
career.wav,kettle.wav,5,c,0,1,273
brother.wav,brother.wav,2,c,1,0,274
chipmunk.wav,turtle.wav,5,c,0,1,275
flavor.wav,canteen.wav,3,c,0,1,276
current.wav,current.wav,1,c,1,1,277
regret.wav,regret.wav,2,c,1,0,278
outfit.wav,outfit.wav,2,c,1,0,279
system.wav,convent.wav,6,c,0,0,280
porter.wav,abuse.wav,4,c,0,0,281
salute.wav,salute.wav,2,c,1,0,282
chisel.wav,lotion.wav,3,c,0,1,283
poet.wav,antique.wav,5,c,0,1,284
special.wav,special.wav,1,c,1,1,285
carrot.wav,carrot.wav,1,c,1,1,286
stocking.wav,stocking.wav,1,c,1,1,287
penny.wav,function.wav,4,c,0,0,288
fiddle.wav,fiddle.wav,1,c,1,1,289
courage.wav,courage.wav,2,c,1,0,290
subject.wav,mountain.wav,5,c,0,1,291
pastor.wav,pastor.wav,2,c,1,0,292
stomach.wav,person.wav,4,c,0,0,293
princess.wav,petal.wav,5,c,0,1,294
pliers.wav,toilet.wav,4,c,0,0,295
blister.wav,treatment.wav,3,c,0,1,296
bullet.wav,bullet.wav,2,c,1,0,297
racket.wav,rifle.wav,6,c,0,0,298
defense.wav,choir.wav,3,c,0,1,299
fashion.wav,fashion.wav,1,c,1,1,300
christmas.wav,christmas.wav,1,d,1,1,1
prison.wav,contents.wav,4,d,0,0,2
carpet.wav,mixture.wav,3,d,0,1,3
dollar.wav,trouble.wav,4,d,0,0,4
college.wav,response.wav,4,d,0,0,5
volume.wav,volume.wav,2,d,1,0,6
nature.wav,horror.wav,4,d,0,0,7
winter.wav,respect.wav,4,d,0,0,8
asphalt.wav,asphalt.wav,2,d,1,0,9
protest.wav,protest.wav,1,d,1,1,10
exit.wav,exit.wav,1,d,1,1,11
banker.wav,banker.wav,1,d,1,1,12
childhood.wav,water.wav,6,d,0,0,13
pebble.wav,mirror.wav,4,d,0,0,14
even.wav,carbon.wav,5,d,0,1,15
bottle.wav,infant.wav,5,d,0,1,16
tidy.wav,entry.wav,6,d,0,0,17
ballot.wav,ballot.wav,2,d,1,0,18
system.wav,convent.wav,6,d,0,0,19
reason.wav,alley.wav,5,d,0,1,20
account.wav,account.wav,1,d,1,1,21
moisture.wav,content.wav,6,d,0,0,22
polish.wav,poster.wav,4,d,0,0,23
freedom.wav,narrow.wav,5,d,0,1,24
wizard.wav,dispute.wav,4,d,0,0,25
quiet.wav,kernel.wav,6,d,0,0,26
glory.wav,glory.wav,2,d,1,0,27
soda.wav,soda.wav,1,d,1,1,28
city.wav,moment.wav,5,d,0,1,29
trailer.wav,candle.wav,6,d,0,0,30
revenge.wav,revenge.wav,1,d,1,1,31
shelter.wav,shelter.wav,1,d,1,1,32
defeat.wav,candy.wav,4,d,0,0,33
forward.wav,event.wav,5,d,0,1,34
extra.wav,extra.wav,2,d,1,0,35
shadow.wav,grocer.wav,6,d,0,0,36
manure.wav,manure.wav,1,d,1,1,37
puddle.wav,puddle.wav,1,d,1,1,38
sunlight.wav,axle.wav,3,d,0,1,39
adult.wav,adult.wav,2,d,1,0,40
stocking.wav,stocking.wav,2,d,1,0,41
village.wav,package.wav,5,d,0,1,42
cruiser.wav,mustard.wav,6,d,0,0,43
cancer.wav,cancer.wav,1,d,1,1,44
question.wav,barrel.wav,4,d,0,0,45
vapour.wav,vapour.wav,2,d,1,0,46
forehead.wav,walnut.wav,4,d,0,0,47
mimic.wav,budget.wav,3,d,0,1,48
misuse.wav,profit.wav,6,d,0,0,49
mattress.wav,station.wav,6,d,0,0,50
chicken.wav,insight.wav,3,d,0,1,51
unit.wav,unit.wav,2,d,1,0,52
blanket.wav,bouquet.wav,3,d,0,1,53
thistle.wav,novel.wav,3,d,0,1,54
teacher.wav,meadow.wav,3,d,0,1,55
porter.wav,abuse.wav,3,d,0,1,56
sender.wav,cocktail.wav,4,d,0,0,57
factor.wav,pardon.wav,4,d,0,0,58
clover.wav,collar.wav,3,d,0,1,59
runner.wav,runner.wav,1,d,1,1,60
onion.wav,blessing.wav,3,d,0,1,61
supper.wav,supper.wav,1,d,1,1,62
arrow.wav,arrow.wav,1,d,1,1,63
singer.wav,singer.wav,2,d,1,0,64
surplus.wav,upset.wav,6,d,0,0,65
chaos.wav,builder.wav,5,d,0,1,66
aerial.wav,merit.wav,5,d,0,1,67
effort.wav,symbol.wav,5,d,0,1,68
pretence.wav,pretence.wav,1,d,1,1,69
column.wav,column.wav,2,d,1,0,70
bunny.wav,parade.wav,5,d,0,1,71
ideal.wav,sunshine.wav,4,d,0,0,72
wire.wav,wire.wav,1,d,1,1,73
hygiene.wav,monkey.wav,5,d,0,1,74
fever.wav,fever.wav,2,d,1,0,75
dairy.wav,nightfall.wav,5,d,0,1,76
crisis.wav,casket.wav,3,d,0,1,77
missile.wav,entrance.wav,6,d,0,0,78
forearm.wav,mansion.wav,6,d,0,0,79
woman.wav,woman.wav,1,d,1,1,80
meeting.wav,driver.wav,6,d,0,0,81
father.wav,father.wav,2,d,1,0,82
keeper.wav,keeper.wav,2,d,1,0,83
regret.wav,regret.wav,1,d,1,1,84
boredom.wav,scissors.wav,6,d,0,0,85
squirrel.wav,surprise.wav,3,d,0,1,86
dreamer.wav,dreamer.wav,2,d,1,0,87
iron.wav,friction.wav,3,d,0,1,88
cannon.wav,mankind.wav,3,d,0,1,89
retreat.wav,body.wav,5,d,0,1,90
lesson.wav,landscape.wav,5,d,0,1,91
outbreak.wav,substance.wav,5,d,0,1,92
pony.wav,pony.wav,2,d,1,0,93
baby.wav,belly.wav,6,d,0,0,94
creature.wav,creature.wav,2,d,1,0,95
apple.wav,method.wav,4,d,0,0,96
lady.wav,walrus.wav,3,d,0,1,97
worker.wav,captain.wav,6,d,0,0,98
engine.wav,nightgown.wav,4,d,0,0,99
vessel.wav,future.wav,3,d,0,1,100
council.wav,clothing.wav,4,d,0,0,101
capsule.wav,contract.wav,4,d,0,0,102
empty.wav,office.wav,4,d,0,0,103
promise.wav,disease.wav,4,d,0,0,104
fountain.wav,fountain.wav,2,d,1,0,105
guitar.wav,flashlight.wav,5,d,0,1,106
estate.wav,letter.wav,3,d,0,1,107
lemon.wav,lemon.wav,2,d,1,0,108
spinach.wav,footstep.wav,6,d,0,0,109
outside.wav,tractor.wav,6,d,0,0,110
talent.wav,speaker.wav,5,d,0,1,111
party.wav,remark.wav,4,d,0,0,112
nonsense.wav,anchor.wav,5,d,0,1,113
ladder.wav,palace.wav,6,d,0,0,114
balance.wav,fabel.wav,3,d,0,1,115
flavor.wav,canteen.wav,4,d,0,0,116
football.wav,kitten.wav,4,d,0,0,117
soldier.wav,soldier.wav,1,d,1,1,118
midnight.wav,midnight.wav,1,d,1,1,119
summer.wav,summer.wav,2,d,1,0,120
magic.wav,giant.wav,5,d,0,1,121
lizard.wav,challenge.wav,4,d,0,0,122
whisper.wav,whisper.wav,1,d,1,1,123
fairy.wav,flicker.wav,4,d,0,0,124
voter.wav,record.wav,6,d,0,0,125
period.wav,mileage.wav,5,d,0,1,126
filter.wav,sadden.wav,5,d,0,1,127
pliers.wav,toilet.wav,3,d,0,1,128
reading.wav,impact.wav,4,d,0,0,129
concert.wav,robber.wav,3,d,0,1,130
picture.wav,dandruff.wav,3,d,0,1,131
platter.wav,platter.wav,2,d,1,0,132
beetle.wav,lecture.wav,4,d,0,0,133
liar.wav,alert.wav,6,d,0,0,134
statement.wav,statement.wav,1,d,1,1,135
results.wav,relief.wav,3,d,0,1,136
navel.wav,despair.wav,6,d,0,0,137
menu.wav,dropper.wav,6,d,0,0,138
pimple.wav,nephew.wav,6,d,0,0,139
product.wav,product.wav,2,d,1,0,140
notice.wav,notice.wav,1,d,1,1,141
diet.wav,diet.wav,2,d,1,0,142
harbor.wav,harbor.wav,1,d,1,1,143
wallet.wav,wallet.wav,1,d,1,1,144
artist.wav,answer.wav,3,d,0,1,145
spider.wav,cousin.wav,5,d,0,1,146
partner.wav,partner.wav,1,d,1,1,147
justice.wav,justice.wav,1,d,1,1,148
interest.wav,loafer.wav,6,d,0,0,149
seller.wav,seller.wav,1,d,1,1,150
bracelet.wav,bracelet.wav,2,d,1,0,151
pressure.wav,pronoun.wav,5,d,0,1,152
exhaust.wav,closet.wav,6,d,0,0,153
stable.wav,affair.wav,3,d,0,1,154
blister.wav,treatment.wav,4,d,0,0,155
disgrace.wav,disgrace.wav,1,d,1,1,156
costume.wav,costume.wav,2,d,1,0,157
gravy.wav,daylight.wav,3,d,0,1,158
puppy.wav,member.wav,3,d,0,1,159
laundry.wav,laundry.wav,1,d,1,1,160
odour.wav,navy.wav,3,d,0,1,161
cigar.wav,cigar.wav,1,d,1,1,162
bedroom.wav,blunder.wav,4,d,0,0,163
other.wav,reward.wav,5,d,0,1,164
concern.wav,tulip.wav,5,d,0,1,165
margin.wav,physics.wav,4,d,0,0,166
purpose.wav,instinct.wav,6,d,0,0,167
neighbor.wav,neighbor.wav,2,d,1,0,168
colonel.wav,metal.wav,3,d,0,1,169
witness.wav,delight.wav,4,d,0,0,170
orchid.wav,mystic.wav,3,d,0,1,171
ceiling.wav,extent.wav,3,d,0,1,172
weather.wav,parcel.wav,6,d,0,0,173
salute.wav,salute.wav,1,d,1,1,174
flower.wav,granny.wav,6,d,0,0,175
contact.wav,hammer.wav,6,d,0,0,176
hotel.wav,hotel.wav,1,d,1,1,177
athlete.wav,athlete.wav,2,d,1,0,178
helmet.wav,helmet.wav,1,d,1,1,179
mistress.wav,fortune.wav,3,d,0,1,180
coffin.wav,chapel.wav,3,d,0,1,181
forecast.wav,rescue.wav,3,d,0,1,182
dummy.wav,standard.wav,6,d,0,0,183
magnet.wav,magnet.wav,2,d,1,0,184
needle.wav,noodle.wav,5,d,0,1,185
hatchet.wav,riot.wav,6,d,0,0,186
combine.wav,million.wav,4,d,0,0,187
alien.wav,chuckle.wav,3,d,0,1,188
equal.wav,whiskey.wav,5,d,0,1,189
trombone.wav,pleasure.wav,6,d,0,0,190
zipper.wav,pepper.wav,4,d,0,0,191
salad.wav,prophet.wav,4,d,0,0,192
support.wav,suspect.wav,3,d,0,1,193
button.wav,knuckle.wav,5,d,0,1,194
cellar.wav,cellar.wav,1,d,1,1,195
output.wav,basement.wav,5,d,0,1,196
Indian.wav,device.wav,6,d,0,0,197
passage.wav,passage.wav,2,d,1,0,198
special.wav,special.wav,2,d,1,0,199
princess.wav,petal.wav,5,d,0,1,200
format.wav,lettuce.wav,6,d,0,0,201
escape.wav,escape.wav,2,d,1,0,202
tourist.wav,tourist.wav,2,d,1,0,203
linen.wav,better.wav,5,d,0,1,204
autumn.wav,fire.wav,4,d,0,0,205
powder.wav,music.wav,3,d,0,1,206
dentist.wav,virtue.wav,4,d,0,0,207
cradle.wav,cradle.wav,1,d,1,1,208
miner.wav,cynic.wav,4,d,0,0,209
measure.wav,grammar.wav,6,d,0,0,210
courage.wav,courage.wav,1,d,1,1,211
fiddle.wav,fiddle.wav,2,d,1,0,212
marvel.wav,steamer.wav,3,d,0,1,213
refuse.wav,people.wav,4,d,0,0,214
organ.wav,mustache.wav,6,d,0,0,215
pastor.wav,pastor.wav,1,d,1,1,216
outfit.wav,outfit.wav,1,d,1,1,217
subject.wav,mountain.wav,5,d,0,1,218
pocket.wav,pocket.wav,2,d,1,0,219
morning.wav,receipt.wav,6,d,0,0,220
boating.wav,genius.wav,4,d,0,0,221
chisel.wav,lotion.wav,4,d,0,0,222
former.wav,former.wav,1,d,1,1,223
evening.wav,evening.wav,1,d,1,1,224
career.wav,kettle.wav,5,d,0,1,225
chipmunk.wav,turtle.wav,5,d,0,1,226
island.wav,island.wav,2,d,1,0,227
motion.wav,motion.wav,2,d,1,0,228
patience.wav,patience.wav,2,d,1,0,229
streamer.wav,streamer.wav,2,d,1,0,230
mister.wav,issue.wav,4,d,0,0,231
medal.wav,cereal.wav,5,d,0,1,232
money.wav,marriage.wav,4,d,0,0,233
harvest.wav,harvest.wav,1,d,1,1,234
dial.wav,distance.wav,3,d,0,1,235
murder.wav,robin.wav,5,d,0,1,236
mortgage.wav,nursery.wav,6,d,0,0,237
liver.wav,spirit.wav,5,d,0,1,238
current.wav,current.wav,2,d,1,0,239
bullet.wav,bullet.wav,1,d,1,1,240
grocer2.wav,grocer2.wav,2,d,1,0,241
prayer.wav,bother.wav,6,d,0,0,242
berry.wav,berry.wav,2,d,1,0,243
presence.wav,major.wav,3,d,0,1,244
beaver.wav,beaver.wav,1,d,1,1,245
perfect.wav,perfect.wav,2,d,1,0,246
under.wav,level.wav,4,d,0,0,247
bandage.wav,maple.wav,6,d,0,0,248
medicine.wav,medicine.wav,1,d,1,1,249
racket.wav,rifle.wav,6,d,0,0,250
finance.wav,center.wav,4,d,0,0,251
drizzle.wav,sewer.wav,4,d,0,0,252
welcome.wav,culture.wav,3,d,0,1,253
chestnut.wav,ticket.wav,3,d,0,1,254
zero.wav,zero.wav,1,d,1,1,255
service.wav,shower.wav,5,d,0,1,256
canal.wav,canal.wav,2,d,1,0,257
maroon.wav,sergeant.wav,4,d,0,0,258
echo.wav,echo.wav,2,d,1,0,259
carrot.wav,carrot.wav,2,d,1,0,260
nation.wav,display.wav,5,d,0,1,261
army.wav,adverb.wav,3,d,0,1,262
penny.wav,function.wav,3,d,0,1,263
brandy.wav,incline.wav,6,d,0,0,264
exchange.wav,bottom.wav,6,d,0,0,265
design.wav,supply.wav,4,d,0,0,266
hobby.wav,havoc.wav,3,d,0,1,267
footware.wav,transfer.wav,5,d,0,1,268
cotton.wav,sucker.wav,6,d,0,0,269
trainer.wav,cider.wav,3,d,0,1,270
defense.wav,choir.wav,4,d,0,0,271
lawyer.wav,lawyer.wav,1,d,1,1,272
pudding.wav,pudding.wav,2,d,1,0,273
tunnel.wav,refrain.wav,3,d,0,1,274
title.wav,title.wav,2,d,1,0,275
blossom.wav,blossom.wav,2,d,1,0,276
stadium.wav,sorrow.wav,5,d,0,1,277
cowboy.wav,drama.wav,5,d,0,1,278
control.wav,common.wav,3,d,0,1,279
champion.wav,dancer.wav,4,d,0,0,280
apron.wav,apron.wav,1,d,1,1,281
vacuum.wav,oyster.wav,5,d,0,1,282
thunder.wav,shortage.wav,6,d,0,0,283
china.wav,radish.wav,5,d,0,1,284
theory.wav,lighter.wav,3,d,0,1,285
riddle.wav,riddle.wav,1,d,1,1,286
minute.wav,soccer.wav,5,d,0,1,287
modern.wav,crystal.wav,3,d,0,1,288
border.wav,temper.wav,5,d,0,1,289
hockey.wav,boulder.wav,6,d,0,0,290
concept.wav,mixer.wav,6,d,0,0,291
stomach.wav,person.wav,3,d,0,1,292
finish.wav,danger.wav,4,d,0,0,293
hardship.wav,belief.wav,5,d,0,1,294
fashion.wav,fashion.wav,2,d,1,0,295
fifteen.wav,cafe.wav,5,d,0,1,296
gallon.wav,difference.wav,6,d,0,0,297
poet.wav,antique.wav,5,d,0,1,298
channel.wav,channel.wav,2,d,1,0,299
brother.wav,brother.wav,1,d,1,1,300
