file,begin,end,speaker,overall_log_likelihood,speech_log_likelihood,phone_duration_deviation,snr
command,0.0,0.747233560090703,MFA_Ready,-40.2605078125,-46.0626475016276,4.875911714544855,7.881884173508716
maroon,0.0,0.6734920634920635,MFA_Ready,-44.50383337220149,-44.09918785095215,4.700155948556863,9.524603897454064
spinach,0.0,0.9135827664399093,MFA_Ready,-50.214720338255496,-47.05820528666178,4.266024820696782,2.735801163854095
supply,0.0,0.7721541950113379,MFA_Ready,-44.832335633116884,-46.91673278808594,4.045336153201273,13.17265714572984
music,0.0,0.8728798185941044,MFA_Ready,-48.47276849856322,-46.341343561808266,3.9448034146166004,16.90771964079949
remark,0.0,0.7606122448979592,MFA_Ready,-50.089692768297695,-48.20671399434408,3.9448019971272656,17.524994612788085
cotton,0.0,0.6567800453514739,MFA_Ready,-48.62659801136363,-51.83655700683594,3.858272879946611,1.2790735053054547
concern,0.0,0.767437641723356,MFA_Ready,-46.31280755377435,-50.78567377726237,3.7947327627431595,5.4302766442097905
bishop,0.0,0.5691836734693878,MFA_Ready,-49.86610385827851,-50.92798919677735,3.718383795222586,7.8176972142289785
fabric,0.0,0.8522222222222222,MFA_Ready,-45.6736270680147,-47.0990104675293,3.7069869764653722,15.617306131644273
revenge,0.0,0.8494104308390023,MFA_Ready,-41.92984547334559,-41.068440755208336,3.684684850829284,7.411993222387618
native,0.0,0.7784353741496599,MFA_Ready,-45.15834084535256,-43.72514877319336,3.6680042023375474,5.751669503021951
exhaust,0.0,0.8057369614512472,MFA_Ready,-51.831934799382715,-52.679247538248696,3.615583742556003,7.720309013540142
belief,0.0,0.8700680272108844,MFA_Ready,-46.96003109285201,-50.696868133544925,3.5328746074823614,1.48181348971967
household,0.0,0.8940136054421769,MFA_Ready,-51.11713812324438,-49.33262307303293,3.502652089222096,13.805998350176793
antique,0.0,0.7894557823129251,MFA_Ready,-53.42021855221519,-49.38344497680664,3.4691726645481458,12.355744534609038
mistake,0.0,0.9729024943310658,MFA_Ready,-49.72574701997423,-47.9357484181722,3.469171955803479,10.071116606607603
surprise,0.0,0.9814739229024944,MFA_Ready,-50.278878348214285,-52.62399546305338,3.409493006245719,5.738384333075032
decay,0.0,0.6182312925170068,MFA_Ready,-48.186019405241936,-56.63518047332764,3.386097809335375,4.730194528063734
even,0.0,0.6165759637188208,MFA_Ready,-48.42237115675403,-48.32429218292236,3.3835829681074205,3.96734080493831
polish,0.0,0.98281179138322,MFA_Ready,-50.080207669005105,-47.38170471191406,3.2432848173841893,3.417701384840285
wire,0.0,0.6824489795918367,MFA_Ready,-36.529472799862134,-35.40527025858561,3.224755652945609,11.002375475944305
degree,0.0,0.8223809523809524,MFA_Ready,-45.236765791730186,-53.21366958618164,3.202464378783918,5.882384394756421
victim,0.0,0.7133560090702948,MFA_Ready,-52.14306984485035,-53.51039695739746,3.1323661214290084,5.433015949153862
revolt,0.0,0.8114058956916099,MFA_Ready,-47.640200014467595,-44.54084014892578,3.1061296576135766,7.40682428899207
lion,0.0,0.6843764172335601,MFA_Ready,-35.91849293428309,-36.35222387313843,3.105006387370499,9.277570924513345
method,0.0,0.6413151927437641,MFA_Ready,-53.7862548828125,-51.291194915771484,3.083430217849113,5.228797380556205
orchid,0.0,0.6827210884353742,MFA_Ready,-50.508979348575366,-49.257545471191406,3.083430217849113,14.816635034055562
idea,0.0,0.6858730158730159,MFA_Ready,-47.61392167685688,-46.185930252075195,3.083429593157387,11.042283425340823
liar,0.0,0.7604988662131519,MFA_Ready,-40.582487407483555,-38.232504526774086,3.080465730827353,11.267038502218401
stocking,0.0,0.8862585034013606,MFA_Ready,-45.172525127282306,-45.919681549072266,3.0536599571774112,5.2658067310992465
appeal,0.0,0.5817233560090703,MFA_Ready,-49.87435597386853,-50.37305545806885,3.0194956417500207,11.209583255981244
success,0.0,0.7895691609977324,MFA_Ready,-45.233262460443036,-46.97953542073568,2.964465879387046,3.753460483295381
sunset,0.0,0.8964172335600907,MFA_Ready,-49.55174153645833,-46.9553025563558,2.9439541597668204,10.54244488201514
debate,0.0,0.6681179138321995,MFA_Ready,-48.44324277052239,-52.45820236206055,2.943953193118843,8.120881745439359
excuse,0.0,0.9014965986394557,MFA_Ready,-49.19690212673611,-52.28162656511579,2.936563294718455,14.60728948982586
organ,0.0,0.728344671201814,MFA_Ready,-51.655808540239725,-49.8279052734375,2.90889305626823,6.996890697153031
basin,0.0,0.6511111111111111,MFA_Ready,-43.41824669471154,-47.326203155517575,2.908892348924466,11.340087875986399
effort,0.0,0.5773922902494331,MFA_Ready,-54.4249267578125,-52.55472278594971,2.8846776082295595,7.906319772536666
express,0.0,0.8432199546485261,MFA_Ready,-51.24371047247024,-53.77037756783621,2.879310855240477,5.79597260572848
system,0.0,0.7005895691609977,MFA_Ready,-49.19862234933036,-49.95914077758789,2.856718181875745,9.1189783326823
career,0.0,0.6034240362811791,MFA_Ready,-45.82144775390625,-45.51062297821045,2.8069931407420468,5.097698922405545
insect,0.0,0.9096145124716554,MFA_Ready,-50.164792239010985,-49.439486821492515,2.8069923666857557,8.471325898081421
fellow,0.0,0.7276643990929705,MFA_Ready,-46.54779805222603,-42.50865840911865,2.8069414014279706,4.7726057076428
convent,0.0,0.8663718820861678,MFA_Ready,-47.66521866020115,-46.46302468436105,2.7817767286241093,9.319730233057065
event,0.0,0.9968480725623583,MFA_Ready,-45.2626513671875,-44.82223663330078,2.7817767286241093,6.702356822748303
abuse,0.0,0.8319954648526077,MFA_Ready,-44.70965502635542,-45.60970764160156,2.7789202141471803,14.331023794212843
magic,0.0,0.8790022675736961,MFA_Ready,-43.42784812233665,-42.60535774230957,2.755726893817798,9.490279890248662
culture,0.0,0.5814739229024943,MFA_Ready,-57.77175377155172,-54.685970306396484,2.7472453004919943,6.120260615865476
soda,0.0,0.6600453514739228,MFA_Ready,-43.28921786221591,-45.25337314605713,2.7396718331452643,17.60724369924001
under,0.0,0.6126984126984127,MFA_Ready,-48.006547771516395,-46.27080059051514,2.7112548892323374,8.380899106459161
kitten,0.0,0.5791836734693877,MFA_Ready,-46.661090719288794,-50.345024490356444,2.6715473930048708,4.560646137603182
dozen,0.0,0.664172335600907,MFA_Ready,-48.22458718039773,-48.079470825195315,2.6715473930048708,7.03346551874516
question,0.0,0.787641723356009,MFA_Ready,-48.66046219837816,-49.051304953438894,2.671546685661107,6.652480566000634
vodka,0.0,0.6935600907029479,MFA_Ready,-42.658167742300726,-44.37733764648438,2.6642064724009527,6.126001860876151
background,0.0,0.7511111111111111,MFA_Ready,-56.678821614583335,-56.6158561706543,2.664205847709227,4.16137878088815
adult,0.0,0.667641723356009,MFA_Ready,-55.05087963502798,-52.05167846679687,2.6642055353633642,7.622080835705525
distress,0.0,0.8402721088435374,MFA_Ready,-49.26878138950893,-52.09410095214844,2.6504268104205413,9.731983123212565
mattress,0.0,0.873922902494331,MFA_Ready,-49.98831492456897,-50.073570251464844,2.650425446164022,8.377269932613164
chaos,0.0,0.8475056689342404,MFA_Ready,-45.49694393382353,-44.80557727813721,2.650425446164022,10.899428242179766
village,0.0,0.7688888888888888,MFA_Ready,-47.7729682426948,-45.258025360107425,2.646071575905156,5.459824253730538
equal,0.0,0.6772335600907029,MFA_Ready,-48.6438419117647,-46.230471801757815,2.628039468848596,11.725270543248733
jewel,0.0,0.4853061224489796,MFA_Ready,-49.049769810267854,-47.60986042022705,2.628039468848596,9.376100666775297
nursery,0.0,0.7143990929705215,MFA_Ready,-48.54296875,-46.22600784301758,2.6253234491920576,10.418021247255698
regret,0.0,0.7052834467120181,MFA_Ready,-53.281494140625,-51.23039627075195,2.6196002641293754,1.9018625059426242
effect,0.0,0.6993650793650794,MFA_Ready,-52.784169224330356,-52.83409881591797,2.6043585400813747,6.292926917887893
fatigue,0.0,0.6907256235827665,MFA_Ready,-48.17359106091485,-51.02731170654297,2.602002290923667,8.37683928599997
hatchet,0.0,0.5268253968253969,MFA_Ready,-57.341151975235846,-57.64158630371094,2.5989533256280053,7.126826324285684
welfare,0.0,0.637233560090703,MFA_Ready,-47.16847610473633,-45.505215644836426,2.5899834345365638,12.824422732272701
affair,0.0,0.6266213151927438,MFA_Ready,-43.85306609623016,-43.97101926803589,2.5899828039457926,12.063561259712998
manure,0.0,0.6996145124716553,MFA_Ready,-51.334995814732146,-48.728311920166014,2.5899828039457926,13.759595851510092
concept,0.0,0.650045351473923,MFA_Ready,-46.49070763221154,-48.420622144426616,2.571617006188548,9.558173707690948
footstep,0.0,0.6429705215419501,MFA_Ready,-55.14226150512695,-57.445734296526226,2.571614923337168,3.649031551231751
retreat,0.0,0.6690929705215419,MFA_Ready,-51.21460689715485,-50.77841313680013,2.554458129185983,10.039362435136347
bouquet,0.0,0.5530385487528344,MFA_Ready,-49.505859375,-55.570176124572754,2.524181949029554,7.342277936190321
havoc,0.0,0.7249433106575963,MFA_Ready,-53.181671142578125,-52.443484497070315,2.5179111644112373,11.195083819884207
compact,0.0,0.7789342403628118,MFA_Ready,-57.54017052283654,-59.16605595179966,2.483955115547169,8.956483833919375
estate,0.0,0.8221541950113379,MFA_Ready,-49.70994902820122,-54.02740249633789,2.4574242829586304,4.475738960792096
defeat,0.0,0.8126984126984127,MFA_Ready,-51.289749710648145,-49.95871810913086,2.4574237996346415,2.9688346744935643
merit,0.0,1.0954648526077098,MFA_Ready,-45.703471235795455,-39.931483840942384,2.4574233163106527,5.026507682619339
helmet,0.0,0.5289795918367347,MFA_Ready,-45.617099977889154,-45.694631576538086,2.4371646011447763,13.521837517318339
trombone,0.0,0.7978458049886621,MFA_Ready,-44.64070129394531,-46.3650016784668,2.4342017297415115,5.478990918714022
fire,0.0,0.6786167800453514,MFA_Ready,-34.605906767003674,-34.27841377258301,2.428755952063776,4.317643757261024
palace,0.0,0.8155555555555556,MFA_Ready,-47.240457674352136,-46.723358154296875,2.421542765600606,15.081526571230636
crisis,0.0,0.9096825396825396,MFA_Ready,-47.30233731112637,-48.0156504313151,2.421542765600606,2.380064682709925
recess,0.0,0.8631292517006802,MFA_Ready,-46.234460165334305,-44.839306640625,2.4215414013440864,11.739816991061247
marriage,0.0,0.9451927437641723,MFA_Ready,-45.06977796052632,-39.605831146240234,2.3911476644481575,13.056853629884674
friction,0.0,0.7528571428571429,MFA_Ready,-49.9852734375,-50.694737570626394,2.3876111607485084,6.643998028133769
widow,0.0,0.6730158730158731,MFA_Ready,-45.95674702658582,-46.2268648147583,2.366078275207361,8.145207381384939
failure,0.0,0.5490022675736962,MFA_Ready,-41.81495916193182,-39.93559455871582,2.3659704495573726,3.8676471370180288
permit,0.0,0.53281179138322,MFA_Ready,-51.74255601415094,-51.902880096435545,2.365969676622161,9.49852267423362
blessing,0.0,0.9163718820861678,MFA_Ready,-50.05004352072011,-51.343526204427086,2.363449086234669,5.357852957457801
author,0.0,0.6008616780045352,MFA_Ready,-51.401448567708336,-50.89409510294596,2.357496573693393,8.104042148303755
display,0.0,0.7552607709750567,MFA_Ready,-46.831857781661185,-49.035956700642906,2.351799187961924,10.619657701062554
captain,0.0,0.6661678004535148,MFA_Ready,-54.62197192747202,-54.507181803385414,2.343246517170782,16.737393496762508
balloon,0.0,0.5536961451247165,MFA_Ready,-39.99802468039773,-45.31555709838867,2.3373728019622964,4.889426602986166
cable,0.0,0.6030612244897959,MFA_Ready,-48.209468587239584,-48.24402275085449,2.3349669590124127,10.13244692635869
object,0.0,0.724172335600907,MFA_Ready,-53.160909016927086,-54.04066848754883,2.3349658069798775,3.8827590593045294
subject,0.0,1.0251927437641724,MFA_Ready,-51.17879626820388,-51.40721675327846,2.3349658069798775,14.323899333828937
baby,0.0,0.6247392290249433,MFA_Ready,-44.389345230594756,-49.81016159057617,2.3349658069798775,12.43983060516371
insult,0.0,0.6594104308390023,MFA_Ready,-52.63760653409091,-50.76852989196777,2.3273607667711755,6.091420079365221
function,0.0,0.7246031746031746,MFA_Ready,-45.667575412326386,-46.392752511160715,2.3273607667711755,5.655726652612184
hardship,0.0,0.8297732426303854,MFA_Ready,-51.58719055911145,-49.48749378749302,2.320607227921032,4.78386575747702
repair,0.0,0.5863945578231292,MFA_Ready,-48.19047106726695,-47.43569984436035,2.320606186495342,4.987498083082958
motive,0.0,0.8247392290249433,MFA_Ready,-44.756886552019814,-44.89911880493164,2.3054266902961587,12.537072008627995
wisdom,0.0,0.7463492063492063,MFA_Ready,-50.919300130208335,-52.08845074971517,2.305421481273559,3.02704961578166
neglect,0.0,0.8050113378684808,MFA_Ready,-53.42333381558642,-50.43470164707729,2.2952473351399076,9.984941517917814
minute,0.0,0.6509750566893424,MFA_Ready,-45.48318810096154,-43.162959289550784,2.2952473351399076,7.100061426847976
spirit,0.0,0.8407709750566893,MFA_Ready,-52.117146809895836,-48.70137468973795,2.2952473351399076,6.628295569360372
oven,0.0,0.5233786848072562,MFA_Ready,-42.48067533052885,-41.90643787384033,2.2913706683499395,6.335852295248227
theory,0.0,0.6012471655328798,MFA_Ready,-43.9982421875,-42.81905555725098,2.287532091347958,10.031034914475029
inside,0.0,0.6700680272108843,MFA_Ready,-45.51504562150186,-45.32803726196289,2.2875317043198127,7.728161519072717
mystic,0.0,0.7741043083900226,MFA_Ready,-49.24260919744318,-49.698886235555015,2.2800968524940113,11.615057545278002
outbreak,0.0,0.7894784580498866,MFA_Ready,-50.34908709948576,-49.12258084615072,2.2800968524940113,5.828906023320027
necklace,0.0,1.0882993197278912,MFA_Ready,-49.204115001433486,-48.91805330912272,2.2800954350046765,10.099182234926229
pollen,0.0,0.643015873015873,MFA_Ready,-46.811317443847656,-45.055545043945315,2.2684371333552096,12.48955331552797
hotel,0.0,0.7100453514739229,MFA_Ready,-52.65368480413732,-51.614969635009764,2.250000273393118,11.157788388454403
ideal,0.0,0.5729478458049887,MFA_Ready,-44.590280633223685,-43.773865699768066,2.244982102261067,6.695555617482622
midnight,0.0,0.5850113378684807,MFA_Ready,-52.05068193855932,-53.06874910990397,2.2449814775693415,16.47835221574109
boulder,0.0,0.702562358276644,MFA_Ready,-38.673308454241074,-41.24232368469238,2.2402618153590486,9.707721260442192
shiver,0.0,0.710702947845805,MFA_Ready,-52.909117792693664,-50.681692123413086,2.2306132213827627,13.39580182372309
design,0.0,0.5914285714285714,MFA_Ready,-43.37634898040254,-47.82257308959961,2.226683050532242,2.051975297126262
pudding,0.0,0.6655328798185941,MFA_Ready,-48.318960616837686,-48.274881744384764,2.222171562581047,5.65319820742566
disease,0.0,0.6421315192743764,MFA_Ready,-38.11480712890625,-41.6032470703125,2.2016943317677447,6.143530023043024
combine,0.0,0.9252834467120181,MFA_Ready,-41.60063319052419,-42.75774828592936,2.1968567738219162,4.481051950254702
chicken,0.0,0.5519501133786848,MFA_Ready,-50.90794566761364,-51.040869140625,2.1968560664781527,4.2897800679639175
walrus,0.0,0.9002721088435374,MFA_Ready,-40.51533203125,-41.327589670817055,2.192657356524151,11.329980494878082
dagger,0.0,0.5892743764172336,MFA_Ready,-43.967454813294495,-48.494529247283936,2.1849605406724586,12.000956695630517
clothing,0.0,0.6233786848072562,MFA_Ready,-46.8712158203125,-46.99643135070801,2.1773240806210614,6.26697521135668
cigar,0.0,0.7099773242630385,MFA_Ready,-45.69189796985035,-48.045807647705075,2.166800904612582,16.568488813452298
reading,0.0,0.738344671201814,MFA_Ready,-46.37675187394426,-46.034576416015625,2.166800589317196,5.665920384554131
mileage,0.0,0.8765759637188208,MFA_Ready,-45.7093672318892,-43.88115463256836,2.1339223507464387,15.328052646833324
aspect,0.0,0.8836281179138322,MFA_Ready,-50.39633456143466,-49.750536600748696,2.1330708706451738,12.773808736628048
account,0.0,0.8463945578231292,MFA_Ready,-51.33237017463235,-50.69017791748047,2.1330708706451738,4.599526722263288
amount,0.0,0.6950340136054421,MFA_Ready,-46.95861118861607,-45.97528610229492,2.133070387321185,11.178488708982307
sunburn,0.0,0.7971655328798186,MFA_Ready,-45.19453430175781,-45.1136474609375,2.129581308435819,13.562204514428942
research,0.0,0.773469387755102,MFA_Ready,-50.83433314732143,-48.78409652709961,2.1066159040522647,5.889747319271589
partner,0.0,0.6197052154195012,MFA_Ready,-51.50900170110887,-52.96573575337728,2.104825841997197,4.8161114505849625
carpet,0.0,0.5740362811791383,MFA_Ready,-52.50108792489035,-51.76044718424479,2.104825841997197,14.334634914759853
harvest,0.0,0.7563945578231293,MFA_Ready,-47.28836541426809,-48.9828120640346,2.1048256823998566,7.576019116646414
carbon,0.0,0.6475736961451247,MFA_Ready,-47.12056790865385,-46.317633310953774,2.1048256823998566,-0.7543100419471465
dandruff,0.0,0.858843537414966,MFA_Ready,-43.661005064498546,-46.907945360456196,2.0810074742237608,16.664000482318368
pencil,0.0,0.9107256235827664,MFA_Ready,-50.50853150755494,-49.533562342325844,2.077055652027519,1.8512856739145214
passive,0.0,0.741655328798186,MFA_Ready,-44.2827049461571,-44.845244598388675,2.0728259913446223,13.983427495792263
beauty,0.0,0.6384580498866214,MFA_Ready,-45.36561965942383,-48.844172668457034,2.054485381812332,15.821502308553832
unit,0.0,0.5350340136054422,MFA_Ready,-45.013748734085645,-43.284857177734374,2.054485381812332,16.055812368612578
letter,0.0,0.7054648526077097,MFA_Ready,-47.44111396897007,-47.02752876281738,2.0430483217421336,14.647054242692853
custom,0.0,0.697641723356009,MFA_Ready,-52.527985491071426,-54.81194814046224,2.029773541720296,12.136598327795838
bottom,0.0,0.6768027210884354,MFA_Ready,-42.17519962086397,-47.6229907989502,2.029773541720296,5.8181214339891945
cereal,0.0,0.7223809523809523,MFA_Ready,-47.59772067599826,-43.903326670328774,2.028468811441708,7.094150407189076
relief,0.0,0.5458276643990929,MFA_Ready,-45.76063121448863,-47.442667388916014,2.0284687461262565,15.196414357876442
signal,0.0,0.6587981859410431,MFA_Ready,-57.159531102035984,-57.38188489278158,2.0255739812879474,8.825960005498331
figure,0.0,0.7041043083900227,MFA_Ready,-46.803212193080356,-45.3348030090332,2.0255734642574916,4.662007919054091
instinct,0.0,0.8265986394557823,MFA_Ready,-53.830948795180724,-53.08798265457153,2.007886201181745,6.595936254563309
cafe,0.0,0.6377324263038548,MFA_Ready,-49.580787658691406,-49.473440170288086,2.007033152084746,12.399915719158276
parade,0.0,0.614671201814059,MFA_Ready,-41.814949410860656,-47.70757436752319,2.00703238147187,7.464678723169243
area,0.0,0.6319047619047619,MFA_Ready,-35.46958317832341,-33.68193292617798,2.00651302378222,8.275190221461404
drama,0.0,0.6624036281179139,MFA_Ready,-43.64205655184659,-46.405798721313474,2.0065124781541437,6.2546182797743555
china,0.0,0.6275963718820862,MFA_Ready,-46.759556361607146,-46.93325901031494,2.006511932526067,4.413128232443501
impact,0.0,0.7206575963718821,MFA_Ready,-53.47688123914931,-52.3408203125,2.0009637303418555,8.537975412254976
junction,0.0,0.7051700680272109,MFA_Ready,-46.53979836047535,-46.99005399431501,2.0005784806327447,8.318961704968878
public,0.0,0.4751020408163265,MFA_Ready,-55.34742228190104,-54.64824422200521,2.0005784806327447,8.218219916315793
stomach,0.0,0.6388888888888888,MFA_Ready,-52.35976791381836,-51.819634755452476,2.0005777718880773,12.624391070925093
future,0.0,0.7924263038548753,MFA_Ready,-50.02781657931171,-46.275367736816406,1.987859318206985,6.773805568849863
shower,0.0,0.6857823129251701,MFA_Ready,-41.98634581634964,-39.749716440836586,1.9760758535307994,7.196017818496095
support,0.0,0.6709977324263039,MFA_Ready,-51.140267898787314,-48.59464454650879,1.9711625653827987,13.30414502362732
poster,0.0,0.8547619047619047,MFA_Ready,-50.92117991727941,-50.95750961303711,1.9711620446699536,3.2769052164789443
routine,0.0,0.8080725623582766,MFA_Ready,-47.692428023726855,-47.63710021972656,1.9708939228264513,9.136586591365166
blanket,0.0,0.7916326530612245,MFA_Ready,-47.69500655162184,-49.18443134852818,1.9708934395024624,11.63822329624799
impulse,0.0,0.796984126984127,MFA_Ready,-50.22651977539063,-51.88481521606445,1.9637733117042155,-1.6290415482545733
increase,0.0,0.9286167800453514,MFA_Ready,-45.934428553427416,-45.89984703063965,1.9637733117042155,13.586094382605367
silence,0.0,0.9956462585034014,MFA_Ready,-46.40181640625,-44.27064069112142,1.9637733117042155,14.01850261955342
lesson,0.0,0.6309977324263039,MFA_Ready,-54.64165194072421,-52.97184677124024,1.959512525246085,5.827353129932074
person,0.0,0.6459863945578231,MFA_Ready,-53.035235126201925,-52.3818359375,1.959512525246085,4.835041908509574
prison,0.0,0.6670294784580499,MFA_Ready,-50.117949072994406,-49.324954986572266,1.9595118179023212,2.468238940073249
cousin,0.0,0.6194331065759637,MFA_Ready,-45.825707220262096,-44.101941680908205,1.9595111105585572,5.4248606860327655
orange,0.0,0.6837868480725624,MFA_Ready,-39.545510684742645,-37.521702194213866,1.9595111105585572,6.855795593983483
distance,0.0,0.8073922902494332,MFA_Ready,-52.62180507330247,-54.541067940848215,1.9595111105585572,3.532208235800926
ribbon,0.0,0.6571882086167801,MFA_Ready,-41.59596576112689,-42.24154891967773,1.9552093243552053,10.953616011929931
hardware,0.0,0.8518140589569161,MFA_Ready,-45.38287281709559,-44.38591412135533,1.9552093243552053,9.567141161693481
prayer,0.0,0.5618820861678004,MFA_Ready,-39.251390729631694,-38.684579849243164,1.9552086937644344,5.543646689523868
lobster,0.0,0.7839002267573696,MFA_Ready,-50.30138534154647,-49.00103441874186,1.9484082020061513,5.426378717596624
stable,0.0,0.831859410430839,MFA_Ready,-47.413165356739455,-47.36236317952474,1.9484082020061513,7.946563719246711
incline,0.0,0.7455555555555555,MFA_Ready,-46.90952473958333,-50.28728357950846,1.9327295637586894,12.309574525010987
outside,0.0,0.606281179138322,MFA_Ready,-48.23277007556352,-49.43793640136719,1.9272592019401154,6.932999548911528
disgrace,0.0,0.7263038548752835,MFA_Ready,-45.240521992722606,-49.19634083339146,1.9272590314080504,6.631560086509207
party,0.0,0.5696145124716553,MFA_Ready,-45.271818462171055,-47.36199188232422,1.8906179629242377,11.764242867098801
market,0.0,0.5395238095238095,MFA_Ready,-53.18873878761574,-48.72072728474935,1.8906179629242377,5.610302143017908
pardon,0.0,0.5895691609977324,MFA_Ready,-48.42959646451271,-48.282596588134766,1.8906178033268974,9.553361540752377
artist,0.0,0.8166439909297052,MFA_Ready,-50.983446074695124,-54.88081423441569,1.8906178033268974,15.336939251955243
parcel,0.0,0.693764172335601,MFA_Ready,-46.50977977807971,-47.03129196166992,1.8906178033268974,7.500989039184457
package,0.0,0.8424263038548753,MFA_Ready,-51.13719540550595,-51.923379516601564,1.8766962704528163,8.623810794002807
princess,0.0,0.6894784580498866,MFA_Ready,-50.33042133718297,-51.76058741978237,1.8727270302210246,4.440381398507196
pimple,0.0,0.509546485260771,MFA_Ready,-52.00414560355392,-50.12139447530111,1.8727270302210246,16.543810742141012
chilly,0.0,0.500453514739229,MFA_Ready,-51.7464794921875,-50.17916202545166,1.868151272438857,13.996377039370092
christmas,0.0,0.7977324263038549,MFA_Ready,-50.48063659667969,-51.458126068115234,1.8681504983825656,7.313381789185932
gravel,0.0,0.7188888888888889,MFA_Ready,-46.74401177300347,-49.34751510620117,1.8679119574769956,15.945765475616987
axle,0.0,0.6850340136054421,MFA_Ready,-46.45628821331522,-45.57094879150391,1.8679119574769956,9.663255129291471
marvel,0.0,0.8547619047619047,MFA_Ready,-46.692799287683826,-44.046014149983726,1.8679113911373266,3.0630709596132704
passage,0.0,0.8696825396825397,MFA_Ready,-47.4772808908046,-46.9963493347168,1.8653312205596866,13.843688063513639
issue,0.0,0.6944897959183673,MFA_Ready,-48.330400107563406,-48.60367202758789,1.8641126161509547,8.781434264062408
forecast,0.0,1.0084807256235828,MFA_Ready,-46.85056176516089,-45.84873907906668,1.8576652144834855,11.754788098590613
champion,0.0,0.6724943310657596,MFA_Ready,-47.79569073577425,-47.26813997541155,1.8531391477193695,6.017030467021009
rabbi,0.0,0.6764625850340136,MFA_Ready,-43.522514792049634,-43.62132692337036,1.847479358686113,6.997513052186179
comfort,0.0,0.5354648526077097,MFA_Ready,-53.37024377893518,-50.23084945678711,1.8472621314823685,1.9496397793235154
pastor,0.0,0.6165532879818594,MFA_Ready,-56.13575400075605,-55.69471435546875,1.8472621314823685,2.843062239375037
master,0.0,0.6908390022675737,MFA_Ready,-47.21078535439312,-46.883060455322266,1.8472605856119457,9.647280958141017
former,0.0,0.7756462585034014,MFA_Ready,-47.54369491185897,-43.90347137451172,1.8390307004053896,8.286409469462782
feeling,0.0,0.816734693877551,MFA_Ready,-39.823164777057926,-37.96384124755859,1.8390307004053896,4.68743658138996
forward,0.0,0.8746258503401361,MFA_Ready,-38.91832513918822,-37.89904340108236,1.8390307004053896,12.236381908988825
moisture,0.0,0.6974149659863945,MFA_Ready,-51.01262904575893,-49.9089973449707,1.8293017708471664,7.01734905128372
machine,0.0,0.7181859410430839,MFA_Ready,-42.57427978515625,-51.0929931640625,1.8293017708471664,10.45272837320406
attempt,0.0,0.7072789115646259,MFA_Ready,-55.77397736025528,-54.44299125671387,1.8293017195036876,8.393192340278475
hatred,0.0,0.780702947845805,MFA_Ready,-54.188526642628204,-54.54719797770182,1.8257596061963584,11.932042243570919
wizard,0.0,0.6100907029478458,MFA_Ready,-50.53025742827869,-49.2534538269043,1.8257583568129072,13.74178196013898
witness,0.0,0.8911791383219955,MFA_Ready,-49.58060481039326,-50.14438692728678,1.8234302508894304,7.691223806444402
extra,0.0,0.636485260770975,MFA_Ready,-54.787147521972656,-55.11574109395345,1.8234302508894304,3.412261462787619
pianist,0.0,0.9625396825396826,MFA_Ready,-44.61738586425781,-44.41838863917759,1.8234302508894304,11.384756283166023
quiet,0.0,0.5538095238095239,MFA_Ready,-40.99035866477273,-44.54372787475586,1.8234302508894304,4.705695544256397
service,0.0,0.8339909297052154,MFA_Ready,-46.70021590267319,-45.686510467529295,1.823429705261354,6.209484992055362
assault,0.0,0.6555555555555556,MFA_Ready,-49.28824499881629,-48.94658737182617,1.8087174583317174,10.510326548830044
private,0.0,0.889750566893424,MFA_Ready,-45.15487293714887,-44.19661966959635,1.8087169750077288,9.10469373839625
courage,0.0,0.8107482993197279,MFA_Ready,-46.63504593460648,-44.775601387023926,1.8044653936808892,9.518643773544127
conflict,0.0,0.8625396825396825,MFA_Ready,-54.69668650072674,-53.30065202713013,1.8044653936808892,6.271899272934149
extreme,0.0,0.8217913832199546,MFA_Ready,-45.72672327553354,-47.726753507341655,1.801386372611822,8.104105526148992
buyer,0.0,0.59859410430839,MFA_Ready,-42.00064290364583,-47.6131960550944,1.7836945491722374,6.913098924640078
mirror,0.0,0.676984126984127,MFA_Ready,-41.64988439223345,-37.42819309234619,1.7836945491722374,7.385812578724732
mixer,0.0,0.7401360544217687,MFA_Ready,-45.956034892314186,-47.6169189453125,1.783693776237026,6.0343836763611485
tire,0.0,0.6317460317460317,MFA_Ready,-41.357983785962304,-41.610270182291664,1.783693776237026,6.97632192022839
velvet,0.0,0.44317460317460317,MFA_Ready,-49.67514870383523,-49.25024668375651,1.782296455252982,3.2712036584278046
tumble,0.0,0.5850793650793651,MFA_Ready,-42.13692564883475,-43.59222920735677,1.7744036147540105,23.920489912840463
ginger,0.0,0.6782312925170068,MFA_Ready,-45.29990880629595,-47.36086196899414,1.768072009524234,16.073100445805377
series,0.0,0.7688888888888888,MFA_Ready,-43.76127802861201,-40.565544509887694,1.7680710419538699,8.094038901758566
cynic,0.0,0.41018140589569163,MFA_Ready,-51.12257645769817,-50.20288925170898,1.7627634599708508,10.669251954827423
programme,0.0,0.7973015873015873,MFA_Ready,-50.09932250976563,-50.85475158691406,1.7541256021670324,9.339901619480177
meeting,0.0,0.5846031746031746,MFA_Ready,-46.75985402074353,-47.570458221435544,1.754124780671373,6.528323109991337
body,0.0,0.5366666666666666,MFA_Ready,-40.61371979890046,-47.208338260650635,1.7509168192021047,17.10422985854564
cottage,0.0,0.7915419501133787,MFA_Ready,-45.63352637954905,-44.924530029296875,1.7480843801938606,5.573969212885348
guitar,0.0,0.5775963718820861,MFA_Ready,-49.26385287580819,-54.13385848999023,1.7436183746885998,5.124931779472362
forearm,0.0,0.7707709750566893,MFA_Ready,-45.48895025872565,-44.56358337402344,1.7436183746885998,4.908289539607399
rocket,0.0,0.5830385487528345,MFA_Ready,-47.993976461476294,-47.26435928344726,1.7436183746885998,17.21359652176006
odour,0.0,0.5278231292517007,MFA_Ready,-50.77792876621462,-51.85436153411865,1.7436177440978289,8.631832922801784
flannel,0.0,0.6901133786848073,MFA_Ready,-41.60896102241848,-43.44386005401611,1.7426976859157892,8.072383615473687
moonlight,0.0,0.6819047619047619,MFA_Ready,-46.60764088350184,-46.38593037923177,1.7426976859157892,10.719754370697576
toilet,0.0,0.5801587301587302,MFA_Ready,-49.97543861126078,-49.788787078857425,1.7426976859157892,15.547970316730826
reflex,0.0,0.8673696145124716,MFA_Ready,-49.107405037715516,-49.34135709490095,1.7426976859157892,9.107286073549854
closet,0.0,0.580952380952381,MFA_Ready,-50.227492759967674,-51.8657283782959,1.742697544330872,3.056614906463434
planet,0.0,0.67421768707483,MFA_Ready,-46.52731824277052,-47.522440592447914,1.742697544330872,16.813555345625453
clover,0.0,0.6715192743764172,MFA_Ready,-42.11759561567164,-42.91427307128906,1.742697402745955,5.860777217825785
surplus,0.0,0.9768934240362812,MFA_Ready,-49.245969188456634,-48.83184814453125,1.7426971195761205,10.059897959216006
stumble,0.0,0.7031972789115646,MFA_Ready,-43.68053501674107,-44.54442841666086,1.738638698326785,14.538018092679124
advice,0.0,0.7035374149659864,MFA_Ready,-48.059580775669644,-51.97934494018555,1.73488994901254,7.057660850730432
tennis,0.0,0.7475056689342403,MFA_Ready,-46.51621744791667,-43.46302947998047,1.73488994901254,5.2731594481014135
purpose,0.0,0.7397732426303855,MFA_Ready,-48.506736961570944,-51.81228179931641,1.7348885847560203,10.80933533467034
device,0.0,0.6820861678004535,MFA_Ready,-43.3355282054228,-47.251930236816406,1.7348885847560203,7.263047447906828
rifle,0.0,0.632562358276644,MFA_Ready,-47.82290504092262,-47.02272262573242,1.7265722653423752,15.471625701827382
presence,0.0,0.9076870748299319,MFA_Ready,-48.22150261847528,-46.804918016706196,1.722166154638962,12.404318383304773
welcome,0.0,0.6632199546485261,MFA_Ready,-49.58296342329545,-47.323071797688804,1.716947239514124,6.700549463621645
breakfast,0.0,0.8597052154195012,MFA_Ready,-51.8156000181686,-53.050153732299805,1.7169471053631586,6.710333693064406
capsule,0.0,0.7781859410430839,MFA_Ready,-55.121031149839745,-55.23178354899088,1.7019698237722376,12.213166723000054
talent,0.0,0.6045804988662131,MFA_Ready,-48.238627115885414,-47.17733637491862,1.701969378235509,9.363667684365382
context,0.0,0.8168480725623583,MFA_Ready,-49.25136063738567,-49.05971908569336,1.69837549818431,10.783112002487275
exchange,0.0,0.9020408163265307,MFA_Ready,-49.727213541666664,-54.67231042044504,1.6983748160560501,3.743532355942005
transfer,0.0,0.7858049886621316,MFA_Ready,-48.836070386669306,-48.642036710466655,1.6983748160560501,6.827035504109091
landscape,0.0,0.8326303854875283,MFA_Ready,-48.27992928746235,-49.140493392944336,1.6983748160560501,7.039928992132051
shoulder,0.0,0.6814512471655328,MFA_Ready,-47.90333826401655,-44.803376007080075,1.687663967121725,13.762696292057417
tiger,0.0,0.7378458049886621,MFA_Ready,-52.778039880701016,-53.36551570892334,1.6786005299647349,13.593413488907828
symbol,0.0,0.7258956916099774,MFA_Ready,-45.3324191994863,-46.42141914367676,1.6778795132944264,5.913331020904284
navel,0.0,0.7472562358276644,MFA_Ready,-48.545244140625,-48.92309341430664,1.6778789469547577,8.578662769915901
alien,0.0,0.6756009070294785,MFA_Ready,-41.398538028492645,-37.76430778503418,1.6778089614734164,10.164556129859474
ceiling,0.0,0.8249659863945579,MFA_Ready,-43.869581842996986,-40.12563858032227,1.673238215291926,4.8111645861137475
thistle,0.0,0.49551020408163265,MFA_Ready,-49.5723876953125,-49.026004791259766,1.6604921697168973,12.35241002256166
thinker,0.0,0.5939682539682539,MFA_Ready,-52.742249569650426,-54.18788833618164,1.6604921697168973,8.521749820908894
current,0.0,0.5731519274376418,MFA_Ready,-48.666208367598685,-47.593187713623045,1.6601959437189784,10.357931800269352
finish,0.0,0.7309297052154196,MFA_Ready,-44.74691981485445,-42.671277618408205,1.657837068156103,6.77993270291384
trouble,0.0,0.5869160997732427,MFA_Ready,-46.945043531514834,-45.45814832051595,1.6551358865366554,10.037954615164626
rumble,0.0,0.6381859410430839,MFA_Ready,-47.67839813232422,-47.604806900024414,1.6551358865366554,12.555548358015749
table,0.0,0.5858956916099773,MFA_Ready,-46.23958885063559,-45.74241180419922,1.6551358865366554,10.852644623838717
alert,0.0,0.5826984126984127,MFA_Ready,-53.704114190463365,-56.61485576629639,1.6551357160278817,10.375172347127624
bubble,0.0,0.4424489795918367,MFA_Ready,-42.504241943359375,-47.349019622802736,1.6551356137226172,8.934570469498631
pebble,0.0,0.5547619047619048,MFA_Ready,-52.94300426136363,-50.32900619506836,1.6551353409085792,10.816282670929866
envy,0.0,0.6947165532879819,MFA_Ready,-42.41390681612319,-43.35396862030029,1.65345830691632,3.844112419150804
pity,0.0,0.5852154195011338,MFA_Ready,-49.64295881885593,-50.60232639312744,1.65345830691632,16.031023873927865
jury,0.0,0.592108843537415,MFA_Ready,-44.09006720074152,-45.047173500061035,1.6534577843927054,15.199446570835406
contract,0.0,1.0129024943310658,MFA_Ready,-51.13794187035891,-50.20807409286499,1.6465405105129949,10.199158821187424
extent,0.0,0.8445124716553288,MFA_Ready,-49.862984793526785,-54.41975838797433,1.6465405105129949,3.8908158187721575
dispute,0.0,0.8817233560090703,MFA_Ready,-49.55729536576705,-48.7390125819615,1.6465405105129949,3.7603506562690434
sofa,0.0,0.7238548752834467,MFA_Ready,-47.75114610460069,-45.752638816833496,1.6403480236247172,4.109362140221883
giant,0.0,0.6707709750566894,MFA_Ready,-45.37756165461754,-46.87175674438477,1.6403474779966407,11.490516082956184
cabbage,0.0,0.8241723356009071,MFA_Ready,-47.41893638052591,-46.67100982666015,1.6403474779966407,10.79301601340866
triumph,0.0,0.7542403628117914,MFA_Ready,-42.71996419270833,-43.885495821634926,1.6403474779966407,12.683026929751065
reason,0.0,0.7410430839002268,MFA_Ready,-41.9494529930321,-40.80318489074707,1.6403474779966407,5.905424370210675
office,0.0,0.7242176870748299,MFA_Ready,-42.064978705512154,-41.68350028991699,1.6403474779966407,8.111195168324318
robin,0.0,0.6403174603174603,MFA_Ready,-43.04118347167969,-43.37503547668457,1.6403469323685644,14.445040149025054
vapour,0.0,0.6922675736961451,MFA_Ready,-47.40352199388587,-48.49144592285156,1.6264459194053271,6.731022425114851
pleasure,0.0,0.7429478458049886,MFA_Ready,-50.775654560810814,-51.91607437133789,1.6217176424881425,8.385755999497732
upright,0.0,0.6163492063492063,MFA_Ready,-57.69100066154234,-56.02053985595703,1.62171738213172,13.739593729569751
lawyer,0.0,0.6207482993197279,MFA_Ready,-44.87545677923387,-46.16877873738607,1.6013238962841285,5.803406121541915
basement,0.0,0.7365986394557823,MFA_Ready,-45.42300002639358,-48.75792557852609,1.6006667649541917,17.37740449023652
content,0.0,0.5408163265306123,MFA_Ready,-51.26165093315972,-50.94190270560129,1.6006660576104277,3.6567280882759015
payment,0.0,0.48820861678004535,MFA_Ready,-49.96480389030612,-52.080514907836914,1.6006660576104277,6.181295265627593
chestnut,0.0,1.2891383219954649,MFA_Ready,-48.38151420179263,-54.048954010009766,1.6006660576104277,7.99013182043371
treatment,0.0,0.790453514739229,MFA_Ready,-52.0596444818038,-50.294132709503174,1.600665350266664,11.645592142096472
window,0.0,0.7403174603174603,MFA_Ready,-45.380499762457774,-46.685332489013675,1.5950240445069084,9.258090788518238
wallet,0.0,0.6224036281179138,MFA_Ready,-41.846573368195564,-41.134714126586914,1.5950240445069084,18.002496466810776
pattern,0.0,0.7243537414965986,MFA_Ready,-48.373697916666664,-48.72675399780273,1.5879083589124723,4.726351841886498
concert,0.0,0.6457596371882086,MFA_Ready,-47.92956730769231,-48.53459358215332,1.5879083589124723,7.919323911723296
lizard,0.0,0.5668934240362812,MFA_Ready,-48.92304858826754,-46.197209167480466,1.5879083589124723,8.157203082678667
closer,0.0,0.6593650793650794,MFA_Ready,-50.65096398555871,-49.46093902587891,1.587907585977261,3.633291710207793
winter,0.0,0.5504308390022675,MFA_Ready,-54.09225408380682,-51.423675537109375,1.587907585977261,8.05254303221723
worker,0.0,0.5705215419501134,MFA_Ready,-47.18713164747807,-45.60322380065918,1.5879068130420495,5.0652706399048135
athlete,0.0,0.5375736961451247,MFA_Ready,-48.584780092592595,-47.27543716430664,1.5867759266351742,0.7954723154574559
essay,0.0,0.6302947845804988,MFA_Ready,-44.65560283358135,-44.67540613810221,1.5859479982801312,10.468016193320924
sunlight,0.0,0.7063718820861677,MFA_Ready,-44.38520232724472,-45.43658192952474,1.5808329527886087,16.142975675999597
contact,0.0,0.9249886621315193,MFA_Ready,-50.850512432795696,-49.57906995500837,1.5666503730189958,11.29849068488226
vacuum,0.0,0.8040136054421768,MFA_Ready,-46.5864013671875,-46.841447830200195,1.5666496642743284,4.540282103621639
elbow,0.0,0.6302721088435375,MFA_Ready,-40.17791651165675,-39.080830574035645,1.5618511730486928,6.037931160005183
husband,0.0,0.9013605442176871,MFA_Ready,-49.317073567708334,-48.24186706542969,1.5618505970324252,7.130409337430823
mistress,0.0,0.7486848072562359,MFA_Ready,-47.4121484375,-47.18303843906948,1.5536535232330306,10.344653651661915
influence,0.0,0.9075510204081633,MFA_Ready,-49.855425824175825,-48.72749137878418,1.5526658080728892,10.561387544309142
soldier,0.0,0.8036734693877551,MFA_Ready,-45.123233032226565,-43.56969947814942,1.5526658080728892,11.501514505270084
platform,0.0,0.7745578231292517,MFA_Ready,-47.00035511363637,-46.68411350250244,1.5526655249030548,3.132551282203014
platter,0.0,0.5471655328798186,MFA_Ready,-43.441996626420455,-44.520917892456055,1.5526655249030548,5.718164314540008
liquid,0.0,0.5766893424036281,MFA_Ready,-53.89395878232759,-52.580461502075195,1.5526654895068255,6.654935142489247
flashlight,0.0,0.7496145124716553,MFA_Ready,-44.69335286458333,-45.20475796290806,1.5526652417332203,2.348433929374199
fifteen,0.0,0.6865532879818594,MFA_Ready,-49.520263671875,-48.78685633341471,1.5486574743234636,20.555434628657483
autumn,0.0,0.5343764172335601,MFA_Ready,-50.238221366450475,-50.93380355834961,1.5367090598271504,6.6099280543290355
council,0.0,0.7769614512471655,MFA_Ready,-51.11682754907853,-50.45231691996256,1.5340590202107256,8.45199484053514
protest,0.0,0.8217460317460318,MFA_Ready,-52.46558212652439,-52.41324833461216,1.5336806123320132,8.434506429633078
reward,0.0,0.7206575963718821,MFA_Ready,-41.01573689778646,-41.32869815826416,1.5320274250219945,14.814903334514465
arrow,0.0,0.5219274376417233,MFA_Ready,-40.73656757061298,-39.548300425211586,1.5320272673743016,7.530541497565739
grocer,0.0,0.8378458049886621,MFA_Ready,-53.154413132440474,-52.33343658447266,1.5320269520789163,12.787932125102017
beaver,0.0,0.5695011337868481,MFA_Ready,-48.62047269051535,-51.40073204040527,1.5306133388448226,12.268822069780185
burner,0.0,0.466281179138322,MFA_Ready,-43.21785914644282,-51.83466625213623,1.5306133388448226,7.400392057679728
napkin,0.0,0.6863038548752834,MFA_Ready,-50.469889322916664,-50.00453758239746,1.5249484393089574,3.256289808752115
garlic,0.0,0.4899092970521542,MFA_Ready,-45.54335738201531,-48.37596829732259,1.52494773056429,8.553143428352662
suspect,0.0,0.8487528344671201,MFA_Ready,-53.08635110294118,-51.134638105119976,1.52494773056429,9.240210385794903
pliers,0.0,0.8894784580498866,MFA_Ready,-45.965748990519664,-48.76805229187012,1.524340776602341,7.211173733473515
cover,0.0,0.5762131519274376,MFA_Ready,-44.46285274110991,-45.67430782318115,1.524340776602341,14.653177133489923
lumber,0.0,0.7092290249433106,MFA_Ready,-44.60889015735035,-44.87463455200195,1.524340776602341,12.880942389008197
better,0.0,0.48376417233560093,MFA_Ready,-38.071940104166664,-44.570048332214355,1.5243400036671295,11.051503573954104
powder,0.0,0.673718820861678,MFA_Ready,-49.16807077891791,-52.431697845458984,1.5243400036671295,14.075063052793531
meadow,0.0,0.6041950113378685,MFA_Ready,-48.2681396484375,-43.89531087875366,1.5240316927296036,8.211320285895162
measure,0.0,0.6246938775510205,MFA_Ready,-43.670264459425404,-42.90111541748047,1.5240314244276727,5.447195583055937
despair,0.0,0.6008163265306122,MFA_Ready,-47.83734944661458,-49.675926208496094,1.5240311561257416,2.4722673691101953
painter,0.0,0.7698866213151927,MFA_Ready,-48.98488864650974,-48.14975509643555,1.5232826280392135,6.995086038058879
picture,0.0,0.570204081632653,MFA_Ready,-58.97287040844298,-60.081816864013675,1.5232826280392135,5.431207322188353
piano,0.0,0.604172335600907,MFA_Ready,-39.05360514322917,-39.39204063415527,1.5232826280392135,6.148661510958359
romance,0.0,0.8263265306122449,MFA_Ready,-46.641772166792165,-44.22613016764323,1.5227273510208068,12.589156937800102
childhood,0.0,0.7517460317460317,MFA_Ready,-47.582600911458336,-47.71521432059152,1.513099419282641,13.462288684648428
cradle,0.0,0.601156462585034,MFA_Ready,-46.45006510416667,-47.705586751302086,1.5098244463010535,16.59716579400888
tower,0.0,0.6369160997732426,MFA_Ready,-40.971092224121094,-42.843573252360024,1.5080579633520823,6.880152114742412
flower,0.0,0.7963945578231293,MFA_Ready,-38.00737609863281,-38.23385715484619,1.5080572659509346,6.528432530742318
lettuce,0.0,0.6998866213151927,MFA_Ready,-46.43676409040179,-44.61277389526367,1.5060052220643447,9.73892949738713
genius,0.0,0.8595238095238096,MFA_Ready,-46.21746684229651,-44.42100969950358,1.5060052220643447,3.2233681881154226
notice,0.0,0.9715419501133787,MFA_Ready,-44.578794499033506,-45.2363784790039,1.5060052220643447,6.929316573795738
cellar,0.0,0.6750566893424036,MFA_Ready,-44.912454044117645,-42.964232444763184,1.506004881000215,9.250612977214207
circus,0.0,0.8213832199546486,MFA_Ready,-50.47288252667683,-51.87585525512695,1.506004881000215,8.12156534583793
sewer,0.0,0.6284126984126984,MFA_Ready,-45.56684802827381,-43.91432189941406,1.506004881000215,4.764034486230351
button,0.0,0.5308616780045351,MFA_Ready,-49.75668392541274,-50.74451217651367,1.505272628965484,9.027675990740686
knowledge,0.0,0.8406122448979592,MFA_Ready,-46.40806652250744,-42.923393630981444,1.490858299900238,7.465548968723159
refrain,0.0,0.7573242630385487,MFA_Ready,-42.05345073499178,-44.97529570261637,1.4898835845270617,11.679098531373004
devil,0.0,0.5001587301587301,MFA_Ready,-50.844736328125,-51.55012435913086,1.4878476354515264,15.210017275404276
angle,0.0,0.6627664399092971,MFA_Ready,-45.81826319839015,-45.48245849609375,1.4878476354515264,12.57346709596251
girdle,0.0,0.5336281179138322,MFA_Ready,-41.985033719044814,-45.2099853515625,1.4878476354515264,11.062646741146661
nightfall,0.0,0.803718820861678,MFA_Ready,-52.157464599609376,-50.78705342610677,1.4878470691118575,8.700320407243403
chipmunk,0.0,0.6840816326530612,MFA_Ready,-56.668525247012866,-56.08649172101702,1.487591073652695,7.2216463152727215
pony,0.0,0.5538775510204081,MFA_Ready,-41.31133700284091,-41.38265609741211,1.4854918623321578,5.077618826986111
response,0.0,1.0727210884353742,MFA_Ready,-49.481308411214954,-50.025968824114116,1.4848219060631305,3.8518967901426713
pigeon,0.0,0.6592743764172335,MFA_Ready,-49.00230823863637,-49.95598373413086,1.4848219060631305,5.830463185081179
angel,0.0,0.6001360544217688,MFA_Ready,-51.935526529947914,-50.70365982055664,1.4848213755553077,8.34670132702012
poison,0.0,0.6752380952380952,MFA_Ready,-45.60205078125,-45.56376266479492,1.4848204913756027,6.6238262898080436
delight,0.0,0.6548299319727892,MFA_Ready,-45.456009615384616,-48.19809417724609,1.484364046018261,2.28999856519016
recruit,0.0,0.7349433106575963,MFA_Ready,-53.732314854452056,-52.35349909464518,1.484364046018261,7.2230445322575605
asphalt,0.0,0.7277551020408163,MFA_Ready,-49.234682684075345,-48.08253860473633,1.484364046018261,10.419634307393302
travel,0.0,0.7553514739229025,MFA_Ready,-46.6144377055921,-46.76207733154297,1.484364046018261,4.71104761458832
manner,0.0,0.6475056689342403,MFA_Ready,-43.05830078125,-41.28181219100952,1.4784768411181097,7.125341247467393
member,0.0,0.6248299319727891,MFA_Ready,-46.084771925403224,-42.605617904663085,1.4784768411181097,8.349841714908703
movie,0.0,0.714671201814059,MFA_Ready,-44.31576323173415,-44.71512699127197,1.4781281206703667,16.08693048028945
belly,0.0,0.6651020408163265,MFA_Ready,-44.58708532532649,-45.26125431060791,1.4781281206703667,10.69497002709398
squirrel,0.0,0.828843537414966,MFA_Ready,-50.292133377259034,-48.40307299296061,1.4658708246019991,18.431639256346244
woman,0.0,0.6434013605442177,MFA_Ready,-40.80690002441406,-41.90493659973144,1.4572652507319275,8.032927115173361
riot,0.0,0.5300226757369615,MFA_Ready,-43.761359448702834,-44.890355587005615,1.4572652507319275,9.722835950253785
item,0.0,0.5788888888888889,MFA_Ready,-50.156603582974135,-49.32333755493164,1.4572652507319275,6.079838332240723
motion,0.0,0.6704308390022675,MFA_Ready,-40.17462249300373,-39.67079620361328,1.4572652507319275,11.839227621515239
diet,0.0,0.4534920634920635,MFA_Ready,-42.672078450520836,-50.46026802062988,1.4572649779178894,4.6550764471532595
other,0.0,0.45598639455782314,MFA_Ready,-48.085518215013586,-47.96206283569336,1.451600975231459,11.60036021715775
mustard,0.0,0.8192290249433106,MFA_Ready,-46.976705411585364,-46.06280771891276,1.451600975231459,14.815037546247076
onion,0.0,0.5816780045351474,MFA_Ready,-39.81661671605603,-38.44475555419922,1.451600975231459,7.897408439636983
mortgage,0.0,0.9591609977324264,MFA_Ready,-45.57422383626302,-43.05555280049642,1.4503435341338717,6.8750118779459015
mimic,0.0,0.6151473922902494,MFA_Ready,-47.78487273185484,-43.60088272094727,1.4503429157525196,10.940886270147082
shortage,0.0,0.8606575963718821,MFA_Ready,-44.35960494640262,-43.89720598856608,1.4503429157525196,10.709590558054995
college,0.0,0.7644444444444445,MFA_Ready,-41.78824655633224,-39.264237594604495,1.4503429157525196,10.602127877017082
hazard,0.0,0.6733333333333333,MFA_Ready,-49.25082351912314,-50.54515380859375,1.4473130993663466,5.756784560067857
honey,0.0,0.5594557823129251,MFA_Ready,-47.40407453264509,-44.40104103088379,1.4473130993663466,4.590907590960626
gallon,0.0,0.6052380952380952,MFA_Ready,-44.590211962090166,-47.52761535644531,1.4441590454816167,10.634149820162833
gutter,0.0,0.43038548752834466,MFA_Ready,-45.55936875454215,-47.19129467010498,1.4441590454816167,7.950252254909266
entrance,0.0,0.8475283446712019,MFA_Ready,-46.65926872702206,-46.4263916015625,1.430249653855108,10.43625347118099
oral,0.0,0.5766893424036281,MFA_Ready,-39.619763604525865,-37.75638484954834,1.4249346606585507,11.591325330227452
quarter,0.0,0.5558503401360544,MFA_Ready,-48.038975306919646,-47.870104217529295,1.4167647766697782,5.01196862079394
opening,0.0,0.5783673469387756,MFA_Ready,-45.65813577586207,-43.14013481140137,1.4113651973971508,6.622821955648195
second,0.0,0.6333333333333333,MFA_Ready,-52.12034195188492,-51.83102035522461,1.406536485439924,7.227443466240896
salad,0.0,0.6319727891156462,MFA_Ready,-46.852907211061506,-46.70980682373047,1.406536485439924,2.4357096504806606
bedroom,0.0,0.5864172335600907,MFA_Ready,-44.38689668299788,-45.55337333679199,1.4065349237106102,5.73902412513268
island,0.0,0.7097505668934241,MFA_Ready,-50.435921682438384,-48.942185974121095,1.4065339866730218,4.972067373757042
brilliant,0.0,0.6379138321995464,MFA_Ready,-47.851470947265625,-49.1878342628479,1.4057004273445242,12.378760063479444
hamster,0.0,0.8782086167800454,MFA_Ready,-52.7590165571733,-51.352762858072914,1.4029750261291625,6.04741006390427
anchor,0.0,0.583469387755102,MFA_Ready,-48.45693864493534,-47.934091567993164,1.4029748033607983,7.115506404358101
tractor,0.0,0.7087755102040816,MFA_Ready,-51.646233357174296,-52.57516288757324,1.402974580592434,9.118961965604804
canteen,0.0,0.9293877551020409,MFA_Ready,-46.99745358702957,-45.40643310546875,1.401078711708633,2.358311800191146
speaker,0.0,0.8047392290249433,MFA_Ready,-52.46177368164062,-49.078057861328126,1.401078493646493,7.43672573525221
keeper,0.0,0.6921995464852607,MFA_Ready,-52.50472712862319,-49.859331130981445,1.4010781953937594,7.173772641413144
creature,0.0,0.5620408163265306,MFA_Ready,-54.594896589006694,-53.989559173583984,1.4010781953937594,12.808254457471541
morning,0.0,0.7253514739229024,MFA_Ready,-41.071914463827056,-39.21137682596842,1.3633211016908324,7.397966751626019
chimney,0.0,0.6587074829931973,MFA_Ready,-45.03770123106061,-43.75538330078125,1.3633211016908324,7.3747180593358514
finance,0.0,0.8271201814058957,MFA_Ready,-47.031723573983435,-47.679412206014,1.3633203943470686,9.678304611789734
problem,0.0,0.645374149659864,MFA_Ready,-46.156449068509616,-47.23908478873117,1.36263336389032,8.69561163981847
flicker,0.0,0.6943083900226757,MFA_Ready,-48.71120994678442,-49.7182014465332,1.36263336389032,11.777888548633051
bracelet,0.0,0.6791609977324263,MFA_Ready,-50.6021728515625,-51.06767218453543,1.36263336389032,11.804612124380952
walnut,0.0,0.5080272108843538,MFA_Ready,-44.361428653492645,-45.308119455973305,1.36263336389032,9.03352545002468
misuse,0.0,0.778639455782313,MFA_Ready,-48.36442683293269,-46.01325035095215,1.3601315493788275,9.533579538573552
shelter,0.0,0.7333106575963719,MFA_Ready,-51.342124625428085,-50.15425186157226,1.356838827000729,13.199424775470803
pepper,0.0,0.6615192743764172,MFA_Ready,-51.53884055397727,-51.066161155700684,1.356838290396867,7.565263080538479
pressure,0.0,0.6198412698412699,MFA_Ready,-49.0157470703125,-48.24809265136719,1.356838290396867,13.804246206673714
carrot,0.0,0.5553061224489796,MFA_Ready,-49.05554635184152,-46.42859230041504,1.356838022094936,14.28196286764016
forest,0.0,1.1036281179138323,MFA_Ready,-44.15432350852273,-42.06717173258463,1.355075349894099,6.163358524781138
football,0.0,0.9728117913832199,MFA_Ready,-45.95299412048969,-46.483144760131836,1.355075349894099,1.4500098173239593
refuse,0.0,0.8366213151927437,MFA_Ready,-45.593072800409224,-46.443002700805664,1.3543658481481036,16.847852141621082
crystal,0.0,0.6954195011337868,MFA_Ready,-47.519374302455354,-48.740433829171316,1.3486913841292052,8.129009788703243
filter,0.0,0.7251473922902494,MFA_Ready,-50.541641026327056,-47.6479995727539,1.3486913841292052,2.937588305814387
whisker,0.0,0.6508163265306123,MFA_Ready,-52.860595703125,-50.50330429077148,1.348690610072914,12.99416331860656
bristle,0.0,0.5927210884353742,MFA_Ready,-50.83904098252118,-51.29739189147949,1.348690610072914,12.876506998258453
mixture,0.0,0.7060090702947845,MFA_Ready,-51.59485035211268,-53.40907669067383,1.3486902230447684,2.2671582819213256
children,0.0,0.7147392290249434,MFA_Ready,-44.739089321082744,-44.00980922154018,1.3486902230447684,11.924649227325787
pillow,0.0,0.5763492063492064,MFA_Ready,-45.77118130387931,-46.622182846069336,1.3486902230447684,7.353544808869501
hammer,0.0,0.5519727891156463,MFA_Ready,-43.86696111505682,-43.202219009399414,1.3285545863425758,5.832564883088491
modern,0.0,0.5722222222222222,MFA_Ready,-46.947081448739034,-48.52273368835449,1.3285538134073644,16.839074456294608
standard,0.0,0.7923809523809524,MFA_Ready,-48.147380587420884,-49.68420628138951,1.328553040472153,15.26301981664718
money,0.0,0.4473922902494331,MFA_Ready,-49.51487087673611,-44.899858474731445,1.327149634028739,8.140639538033959
aerial,0.0,0.6159183673469387,MFA_Ready,-43.50277611517137,-39.411581420898436,1.3271493727669317,11.449003245748703
audience,0.0,0.7196825396825397,MFA_Ready,-48.377950032552086,-48.643394470214844,1.3271493727669317,5.786851382474524
Indian,0.0,0.5642857142857143,MFA_Ready,-40.47596958705357,-40.971841176350914,1.3271493727669317,6.5937010744852955
saucer,0.0,0.7746258503401361,MFA_Ready,-47.63149984780844,-45.38370895385742,1.3225013403515313,9.622692328406107
dollar,0.0,0.5685487528344672,MFA_Ready,-38.05904776589912,-41.283398151397705,1.3225011807541913,10.585217712142889
bottle,0.0,0.5287528344671202,MFA_Ready,-36.938372917895045,-44.21265487670898,1.3225010610561863,8.195107479795542
soccer,0.0,0.7624716553287982,MFA_Ready,-43.87538227282072,-44.386155128479004,1.322501021156851,5.611190204610537
father,0.0,0.6769614512471656,MFA_Ready,-43.240532370174634,-41.93309497833252,1.322501021156851,5.5568303369253265
salute,0.0,0.6948072562358276,MFA_Ready,-49.1611328125,-47.67405319213867,1.322188064847516,9.303862910568064
infant,0.0,0.7258503401360544,MFA_Ready,-48.717877113655824,-46.23366355895996,1.322188064847516,10.909408807219176
respect,0.0,0.7960997732426304,MFA_Ready,-50.82024230957031,-50.36885234287807,1.3221875815235271,10.67771708083199
statement,0.0,0.96,MFA_Ready,-49.5130615234375,-49.684165954589844,1.3221875815235271,7.597643829273423
budget,0.0,0.5409977324263039,MFA_Ready,-52.75376609519676,-53.93198013305664,1.3221870981995385,10.642379565707689
reptile,0.0,0.828140589569161,MFA_Ready,-51.964984939759034,-51.708855946858726,1.320435844764618,15.046487973083089
sorrow,0.0,0.7083446712018141,MFA_Ready,-43.01403292803697,-38.69406986236572,1.320435844764618,8.317075790452098
river,0.0,0.5719501133786848,MFA_Ready,-48.327979372258774,-46.03807353973389,1.320435844764618,7.873006263048371
narrow,0.0,0.6128798185941043,MFA_Ready,-47.41667200307377,-43.29125356674194,1.3204355294692325,9.259339363479253
conscience,0.0,0.8422902494331066,MFA_Ready,-47.923592703683035,-47.20011847359793,1.3137358556247694,10.908557699385149
level,0.0,0.5670748299319728,MFA_Ready,-49.74413205866228,-47.984002685546876,1.2978157576086262,10.12481624898573
muscle,0.0,0.6591836734693878,MFA_Ready,-49.199581261837125,-47.95263748168945,1.2978157576086262,14.454498943935658
buckle,0.0,0.5264625850340136,MFA_Ready,-50.87641417305424,-52.77568054199219,1.2978157576086262,6.177967593831557
puddle,0.0,0.5234920634920635,MFA_Ready,-52.20236440805289,-52.19961090087891,1.2978157576086262,11.882084132258328
real,0.0,0.6780272108843537,MFA_Ready,-44.089653463924634,-42.37885538736979,1.2978157576086262,14.35724300760884
pickle,0.0,0.5374376417233561,MFA_Ready,-57.28309461805556,-57.323631286621094,1.2978151912689573,4.473866865190807
novel,0.0,0.6266213151927438,MFA_Ready,-47.015543619791664,-47.74930114746094,1.2978151912689573,10.23830770726229
ankle,0.0,0.6844897959183673,MFA_Ready,-48.70641730813419,-46.61865119934082,1.2978151912689573,9.205218182399708
shovel,0.0,0.5807709750566893,MFA_Ready,-42.84041621767241,-43.389068603515625,1.288971432007229,11.822964875525244
temple,0.0,0.5090702947845805,MFA_Ready,-53.00648169424019,-52.83711242675781,1.2889708863791527,5.204542115991789
circle,0.0,0.673968253968254,MFA_Ready,-50.07899224580224,-47.72980422973633,1.2889708863791527,6.159664362813814
maple,0.0,0.5294331065759638,MFA_Ready,-50.962204267393865,-52.03580017089844,1.2889708863791527,20.143854892302386
people,0.0,0.6424036281179138,MFA_Ready,-52.457916259765625,-50.888207244873044,1.2889708863791527,7.315456658038443
chapel,0.0,0.5765532879818595,MFA_Ready,-51.181901602909484,-50.369713592529294,1.2889708863791527,4.896087881584812
apple,0.0,0.4763945578231292,MFA_Ready,-58.30591837565104,-56.55678367614746,1.2889706135651144,2.790189936142802
matter,0.0,0.5647619047619048,MFA_Ready,-45.181505475725444,-44.717793464660645,1.2879772615850549,8.537643838116658
magnet,0.0,0.6124489795918368,MFA_Ready,-48.64216988985656,-53.20323244730631,1.2879768160483265,4.919249700818558
adverb,0.0,0.6465079365079365,MFA_Ready,-44.510426682692305,-46.17572021484375,1.2879768160483265,6.60271721268877
valley,0.0,0.6293197278911564,MFA_Ready,-37.97655474950397,-38.43371534347534,1.287976593279962,8.246218555333893
cocktail,0.0,0.6202040816326531,MFA_Ready,-49.507225774949596,-49.072401682535805,1.28713279849548,12.825549884556608
canal,0.0,0.5951473922902495,MFA_Ready,-43.39794921875,-45.04695777893066,1.28713279849548,4.26962758303528
biscuit,0.0,0.45258503401360545,MFA_Ready,-55.01995985243055,-55.00522804260254,1.2871327099023964,3.5391708913753064
casket,0.0,0.6973922902494331,MFA_Ready,-53.21411830357143,-53.4167594909668,1.2871327099023964,9.884626000692535
drunkard,0.0,0.6309297052154195,MFA_Ready,-50.813546316964285,-51.59765189034598,1.2871327099023964,8.861527064056776
volume,0.0,0.7927664399092971,MFA_Ready,-42.64204039754747,-42.23437817891439,1.2834966018570173,5.607647017061346
judgement,0.0,0.7585714285714286,MFA_Ready,-53.58988551089638,-53.46808624267578,1.278005840397161,11.191022592078575
nonsense,0.0,1.0411791383219955,MFA_Ready,-46.43021334134615,-44.656328201293945,1.2771211772444093,8.426035986890184
season,0.0,0.7232879818594105,MFA_Ready,-43.51641845703125,-42.002566528320315,1.2771208361802795,13.429364581402794
seller,0.0,0.7011791383219954,MFA_Ready,-43.468150111607144,-41.44424343109131,1.2771205377491657,13.494138520895387
surface,0.0,0.860249433106576,MFA_Ready,-51.219278025072676,-49.752759552001955,1.2741830234672142,9.499526657932002
atom,0.0,0.5250113378684808,MFA_Ready,-46.03656581662736,-44.23377990722656,1.2741827506531762,8.364575784147576
tourist,0.0,0.7275283446712019,MFA_Ready,-49.73237170911815,-49.766963958740234,1.274182477839138,10.396473655049864
engine,0.0,0.5731519274376418,MFA_Ready,-41.862403200383774,-40.84695663452148,1.274182477839138,6.957485022907246
journal,0.0,0.630907029478458,MFA_Ready,-42.445347377232146,-44.78393440246582,1.274182477839138,12.462245516739838
fashion,0.0,0.7462131519274376,MFA_Ready,-39.73425130208334,-39.16867179870606,1.274182477839138,5.02672634535692
nightgown,0.0,0.8490249433106576,MFA_Ready,-44.975841567095586,-45.64166514078776,1.2740491926130109,6.716519220847907
tulip,0.0,0.6248752834467121,MFA_Ready,-54.948990360383064,-53.529747772216794,1.2722737610191766,7.118578096452179
patient,0.0,0.8340816326530612,MFA_Ready,-49.38237716490964,-47.781398137410484,1.2722731101281202,6.197717936759496
dropper,0.0,0.739750566893424,MFA_Ready,-52.02491883973818,-52.839639282226564,1.2722727195934862,15.4544158796168
friendship,0.0,0.8314965986394558,MFA_Ready,-49.318741763930724,-47.57233905792236,1.2722727195934862,9.352262244205804
lever,0.0,0.7008843537414966,MFA_Ready,-47.1273193359375,-44.57561492919922,1.264986231097233,8.459862030395367
minor,0.0,0.7222222222222222,MFA_Ready,-44.34504530164931,-43.48093318939209,1.264986231097233,14.65328340526386
lighter,0.0,0.6476190476190476,MFA_Ready,-44.43003305288462,-44.77133560180664,1.264986231097233,14.90997836474206
leader,0.0,0.5456009070294785,MFA_Ready,-46.85893110795455,-46.35222339630127,1.264986231097233,8.367079443704213
income,0.0,0.6674603174603174,MFA_Ready,-49.49764604710821,-49.045005798339844,1.2486111536442182,11.792797691355485
million,0.0,0.7309750566893424,MFA_Ready,-45.74980602525685,-44.46927833557129,1.2486107666160726,6.261006077318989
margin,0.0,0.6631746031746032,MFA_Ready,-49.62389396898674,-48.10062154134115,1.2479938469133398,6.6123932369574305
linen,0.0,0.6159183673469387,MFA_Ready,-47.67689169606855,-43.944898986816405,1.2474755354560074,4.062304407609435
receipt,0.0,0.39589569160997734,MFA_Ready,-50.35813598632812,-52.55048751831055,1.2470833844241365,7.323533599715219
damage,0.0,0.6791156462585034,MFA_Ready,-46.465400247012866,-47.73341751098633,1.242848763348936,9.25849350527243
instance,0.0,0.8071655328798186,MFA_Ready,-51.147171585648145,-52.34837831769671,1.2406063853520493,4.740482005060201
incense,0.0,0.8957596371882086,MFA_Ready,-48.18997938368056,-46.94424057006836,1.2406060442879194,9.101546196807874
dancer,0.0,0.6457142857142857,MFA_Ready,-46.26538837139423,-48.63522834777832,1.2406060442879194,10.500143766627307
substance,0.0,1.0105215419501135,MFA_Ready,-49.91720490408416,-50.01317596435547,1.2406060442879194,8.722336196979633
answer,0.0,0.5572789115646258,MFA_Ready,-52.417022705078125,-49.78441143035889,1.2406060442879194,5.443823237626699
virtue,0.0,0.6856916099773243,MFA_Ready,-48.78999660326087,-48.39117622375488,1.2387332898053418,5.094988193295684
choir,0.0,0.6034240362811791,MFA_Ready,-44.03040771484375,-43.4674277305603,1.2321750567192602,8.475127695722172
quarrel,0.0,0.6060997732426304,MFA_Ready,-44.902579886014344,-43.452274004618324,1.2321748652258782,11.25975359602445
ration,0.0,0.718798185941043,MFA_Ready,-39.36860826280382,-38.790557861328125,1.218951190832311,6.99701686767591
product,0.0,0.7073469387755102,MFA_Ready,-51.892863528829224,-51.93341473170689,1.2186579159500386,8.230690174390297
resort,0.0,0.4496825396825397,MFA_Ready,-50.752712673611114,-52.89716657002767,1.2186579159500386,8.51945352732642
traveller,0.0,0.7441496598639455,MFA_Ready,-44.948829444679056,-45.39253725324358,1.2186579159500386,9.079137709698443
trailer,0.0,0.6502267573696145,MFA_Ready,-46.85294471153846,-48.54226226806641,1.2186579159500386,5.42190488442381
trainer,0.0,0.7746712018140589,MFA_Ready,-45.02530184659091,-47.03874893188477,1.218657758302346,5.158380445506591
trial,0.0,0.5972562358276644,MFA_Ready,-41.344258626302086,-41.82038116455078,1.218657758302346,7.381534760902365
present,0.0,0.7349433106575963,MFA_Ready,-48.288226401969176,-47.51770183018276,1.218657758302346,9.921937279799497
interest,0.0,0.7968027210884354,MFA_Ready,-50.6971435546875,-50.86619131905692,1.2186574430069603,14.574253590056053
hunger,0.0,0.5644444444444444,MFA_Ready,-43.791085379464285,-43.78906097412109,1.2170588291216424,6.57727077739295
hygiene,0.0,0.883061224489796,MFA_Ready,-47.94025767933238,-47.41177825927734,1.2170587739796508,5.9623398512691566
title,0.0,0.5362358276643991,MFA_Ready,-50.61305067274306,-48.42889404296875,1.2085488982726358,6.1829781588921975
lightning,0.0,0.7236734693877551,MFA_Ready,-48.24353366427951,-46.724053700764976,1.2085488982726358,7.163385699039196
costume,0.0,0.7505215419501133,MFA_Ready,-48.360582682291664,-48.87396430969238,1.2028297230605058,9.278229110561323
earthworm,0.0,0.6895011337868481,MFA_Ready,-56.08850628396739,-53.260459899902344,1.2028297230605058,9.381470429060744
metal,0.0,0.5658276643990929,MFA_Ready,-41.23786578262062,-43.45803947448731,1.2028284908170166,9.219547223139301
hero,0.0,1.0545578231292516,MFA_Ready,-43.714867001488095,-44.18398571014404,1.200924215815798,9.540003480870702
gesture,0.0,0.651156462585034,MFA_Ready,-49.26852463942308,-48.30745086669922,1.1936305902618618,7.819311840681472
value,0.0,0.6377097505668934,MFA_Ready,-36.13027572631836,-35.55788803100586,1.189439211496189,4.997536614209235
hobby,0.0,0.6691609977324263,MFA_Ready,-48.818716476212686,-47.428730964660645,1.175292992058699,14.368652736824387
cabin,0.0,0.5663718820861678,MFA_Ready,-47.28032911869518,-47.3387092590332,1.1752924160424314,4.880753155122715
labour,0.0,0.6329478458049886,MFA_Ready,-48.1092277405754,-51.175353050231934,1.1752918400261638,13.20792672466919
robber,0.0,0.6085714285714285,MFA_Ready,-42.847288037909834,-43.031540870666504,1.1752918400261638,7.668273584799941
cowboy,0.0,0.7093650793650793,MFA_Ready,-45.540884958186616,-47.989915211995445,1.1752918400261638,9.465456553305568
perfect,0.0,0.6669387755102041,MFA_Ready,-54.22163231693097,-54.242654164632164,1.1738380956791912,8.739559408022718
pocket,0.0,0.4828798185941043,MFA_Ready,-55.867045084635414,-56.14684982299805,1.1738380956791912,8.392094775753904
special,0.0,0.6328571428571429,MFA_Ready,-53.28099035838294,-52.37015724182129,1.1738378353227685,8.080721004982905
mouthpiece,0.0,0.8382993197278912,MFA_Ready,-44.324273972284224,-45.805197397867836,1.1738373146099235,6.0991549323379175
blunder,0.0,0.560952380952381,MFA_Ready,-46.26788766043527,-49.31392606099447,1.1726013090662735,6.0527772517205385
blossom,0.0,0.6893877551020409,MFA_Ready,-41.56647701539855,-44.65448443094889,1.1726013090662735,5.124664428414075
ruler,0.0,0.5219501133786848,MFA_Ready,-42.73843149038461,-41.55185604095459,1.1726012028775856,7.544681012762069
upset,0.0,0.7671201814058957,MFA_Ready,-52.43721147017045,-53.127289581298825,1.1655978821156796,9.853587093545475
custard,0.0,0.6686621315192743,MFA_Ready,-47.17290622084888,-47.98701731363932,1.1648920597577883,8.691531255797287
dentist,0.0,0.9029478458049887,MFA_Ready,-48.954861111111114,-49.69392395019531,1.1639230119142774,13.482250602528019
berry,0.0,0.5577097505668934,MFA_Ready,-41.78168160574777,-43.16647005081177,1.1639228106878292,10.023344983745126
dairy,0.0,0.5404308390022676,MFA_Ready,-43.157778139467595,-45.62775421142578,1.1639228106878292,7.458896617364871
cement,0.0,0.7116553287981859,MFA_Ready,-46.87135852222711,-45.59890906016032,1.1639227436123465,6.120589049344691
exit,0.0,0.48714285714285716,MFA_Ready,-52.81643614477041,-52.771175384521484,1.1639227436123465,8.724374086208975
profit,0.0,0.7078231292517007,MFA_Ready,-53.367600132042256,-48.61592324574789,1.1600111170287934,11.656690383676132
neutral,0.0,0.7591383219954648,MFA_Ready,-49.2444425884046,-47.93508211771647,1.1600106337048046,11.20835064009664
duty,0.0,0.5020634920634921,MFA_Ready,-49.137333984375,-52.72255611419678,1.157764135130358,10.484756776343417
brandy,0.0,0.5029251700680272,MFA_Ready,-45.8282666015625,-51.57133038838705,1.1518194477827859,5.698622103293676
pretence,0.0,0.9076190476190477,MFA_Ready,-48.41275862809066,-49.01450892857143,1.1518194477827859,13.59671986224204
stadium,0.0,0.8478004535147392,MFA_Ready,-42.41219554227941,-43.79773085457938,1.1518194477827859,5.624991436305439
humour,0.0,0.6954195011337868,MFA_Ready,-47.001918247767854,-44.690904998779295,1.151271626933481,13.874731104350431
lady,0.0,0.6672335600907029,MFA_Ready,-48.433072673740675,-48.015249252319336,1.127468270702075,16.697066222833033
channel,0.0,0.9119274376417233,MFA_Ready,-42.60236199347528,-41.26344261169434,1.1259761457712372,3.5468916853625814
colonel,0.0,0.5847392290249434,MFA_Ready,-46.010447535021555,-44.326325225830075,1.1259757920993552,17.939295712087965
control,0.0,0.714172335600907,MFA_Ready,-46.6336308868838,-50.15105111258371,1.1259756152634142,5.250972886239232
panic,0.0,0.6229705215419501,MFA_Ready,-46.05289976058468,-45.595028686523435,1.1259754384274734,13.208658758248404
kernel,0.0,0.6454648526077098,MFA_Ready,-45.96474233774038,-44.287696075439456,1.1259754384274734,11.570580611412456
station,0.0,0.7207482993197278,MFA_Ready,-48.343353271484375,-48.92979876200358,1.1259754384274734,1.8887199779295045
evening,0.0,0.5638548752834467,MFA_Ready,-43.58670915876116,-43.52683868408203,1.1259754384274734,4.291478527852572
nephew,0.0,0.6708616780045351,MFA_Ready,-51.03080180153918,-47.267485809326175,1.1173518650332785,4.130277440063431
prophet,0.0,0.6156916099773243,MFA_Ready,-48.26026178175403,-47.88970438639323,1.1104622858414128,6.526036456289091
trumpet,0.0,0.5473242630385488,MFA_Ready,-51.511301491477276,-50.5804192679269,1.1104622858414128,4.375198502147221
format,0.0,0.6095238095238096,MFA_Ready,-45.96051325563525,-45.64509073893229,1.1104622858414128,7.421028126941753
output,0.0,0.7552380952380953,MFA_Ready,-51.849031147203945,-53.737501525878905,1.110461802517424,14.900147809431267
poet,0.0,0.428843537414966,MFA_Ready,-49.680459665697676,-51.349918365478516,1.110461802517424,9.374008843013286
mortal,0.0,0.6157142857142858,MFA_Ready,-40.995873235887096,-41.65540059407552,1.110461802517424,6.974160508998523
rabbit,0.0,0.4955328798185941,MFA_Ready,-42.7356494140625,-44.37823715209961,1.110461802517424,4.29080887155105
daylight,0.0,0.49308390022675735,MFA_Ready,-42.17182517538265,-46.108123779296875,1.110461802517424,4.933532773332214
turtle,0.0,0.5066213151927438,MFA_Ready,-50.21487725949755,-50.83359069824219,1.1104615608554296,8.196889415845334
outfit,0.0,0.5700680272108843,MFA_Ready,-53.46618866502193,-51.61719741821289,1.1104613191934352,5.6556765626629115
moment,0.0,0.7178458049886621,MFA_Ready,-44.28235202365451,-45.77318127950033,1.1104613191934352,15.909995173858992
barrel,0.0,0.5199092970521542,MFA_Ready,-40.58598914513221,-42.19688110351562,1.1088450527457052,15.376357635996808
fairy,0.0,0.5484126984126985,MFA_Ready,-38.16051136363637,-36.11443090438843,1.108844579802627,4.805668555804374
horror,0.0,0.6001360544217688,MFA_Ready,-40.55042724609375,-41.842158794403076,1.108844579802627,6.19427857687095
doorway,0.0,0.6143537414965986,MFA_Ready,-37.21000896516394,-42.339148330688474,1.1088060653355007,5.988776426620181
difference,0.0,0.7014058956916099,MFA_Ready,-49.6292236328125,-51.92645045689174,1.1088060653355007,5.705286317904143
sandal,0.0,0.81,MFA_Ready,-47.08306508005401,-44.86592928568522,1.108805987249035,9.705460163586878
period,0.0,0.6475056689342403,MFA_Ready,-42.86327749399038,-43.0025831858317,1.1088047378655839,10.70592580394868
laundry,0.0,0.7244671201814059,MFA_Ready,-40.02392239040799,-40.752951304117836,1.108293461278572,5.5559448411776735
chuckle,0.0,0.5920861678004535,MFA_Ready,-48.49936275158898,-47.92667007446289,1.1077833134260573,5.16904908945196
puzzle,0.0,0.5996825396825397,MFA_Ready,-43.361515299479166,-42.87162475585937,1.1077833134260573,6.425140043699319
petal,0.0,0.4953741496598639,MFA_Ready,-50.215205078125,-50.164422607421876,1.1077833134260573,7.3901855510891
battle,0.0,0.505827664399093,MFA_Ready,-45.40518727022059,-49.961008834838864,1.1077833134260573,7.416053716185928
kettle,0.0,0.5250340136054422,MFA_Ready,-47.98109061762972,-47.131693267822264,1.1077833134260573,8.120380814858134
missile,0.0,0.5980725623582767,MFA_Ready,-45.97355550130208,-43.49950485229492,1.1077833134260573,7.58926688764047
riddle,0.0,0.5490249433106575,MFA_Ready,-51.06967329545454,-51.48548812866211,1.1077827470863884,14.87825118288654
knuckle,0.0,0.5604308390022675,MFA_Ready,-51.950343540736604,-48.12114486694336,1.1077827470863884,6.065441365553202
insight,0.0,0.5601814058956917,MFA_Ready,-44.953438895089285,-45.3186538696289,1.107519809397656,10.207819229916215
uncle,0.0,0.587936507936508,MFA_Ready,-45.588209249205505,-45.27778854370117,1.1058886591144395,8.525316882309681
evil,0.0,0.4916326530612245,MFA_Ready,-46.042744539221935,-45.43704891204834,1.1058883863004012,9.263006100553934
nickel,0.0,0.4601133786848073,MFA_Ready,-56.156494140625,-52.649488067626955,1.105888113486363,4.5451053137463475
grammar,0.0,0.5392290249433107,MFA_Ready,-40.773080331307874,-43.291313552856444,1.1039802284860876,7.194832010154428
alley,0.0,0.4936281179138322,MFA_Ready,-48.53403519610969,-46.855767567952476,1.1039802284860876,14.426129699079077
balance,0.0,0.6679365079365079,MFA_Ready,-47.68222000349814,-49.99406178792318,1.1039801727939966,5.67431951215573
bargain,0.0,0.5975510204081632,MFA_Ready,-41.87684733072917,-44.231907526652016,1.0911002505744247,5.564587331926877
freedom,0.0,0.7124263038548753,MFA_Ready,-47.26443868287852,-47.515167872111,1.0911002505744247,5.477173784988519
kingdom,0.0,0.6315646258503401,MFA_Ready,-43.86773003472222,-43.360880533854164,1.0911002505744247,4.697396523060647
bonus,0.0,0.631156462585034,MFA_Ready,-43.22641136532738,-46.901754760742186,1.0911002505744247,9.137969829175233
promise,0.0,0.7400453514739229,MFA_Ready,-46.01332216005068,-45.637303034464516,1.0910997049463484,5.369593974091842
bother,0.0,0.5530839002267574,MFA_Ready,-45.22100497159091,-49.08429431915283,1.0886626486478643,10.182356960688665
mother,0.0,0.6036054421768707,MFA_Ready,-40.00348714192708,-41.26674795150757,1.088661431973196,5.330866178131174
junior,0.0,0.5878684807256236,MFA_Ready,-43.96388373940678,-44.38896102905274,1.0813972806286434,6.503255680427056
motor,0.0,0.5965532879818594,MFA_Ready,-45.3727783203125,-46.15101337432861,1.075326097500025,10.562198826192475
donor,0.0,0.5661904761904762,MFA_Ready,-45.12757846765351,-47.0049934387207,1.0753258916412416,6.90695305044083
owner,0.0,0.5580045351473923,MFA_Ready,-40.88562447684152,-39.78171920776367,1.0753257372471543,7.899296925791727
supper,0.0,0.628639455782313,MFA_Ready,-54.602566189236114,-53.75565433502197,1.0692000408374682,6.28145663827868
driver,0.0,0.5614285714285714,MFA_Ready,-48.612801688058035,-50.27358779907227,1.0692000408374682,7.664428011587116
copper,0.0,0.5131065759637188,MFA_Ready,-55.69961128982843,-53.59531497955322,1.0692000408374682,5.443663316926418
teacher,0.0,0.5203174603174603,MFA_Ready,-54.03310922475961,-52.55547904968262,1.0691992679022568,3.922342229473262
razor,0.0,0.6704081632653062,MFA_Ready,-50.72759372084888,-48.39700794219971,1.0691992679022568,11.037355878574935
temper,0.0,0.6796371882086167,MFA_Ready,-57.323098575367645,-55.79978790283203,1.0691992679022568,8.26681880316606
puppy,0.0,0.5829705215419501,MFA_Ready,-51.96863213900862,-50.792391777038574,1.0677068527702973,2.594090063916699
tunnel,0.0,0.36653061224489797,MFA_Ready,-55.742167704814186,-55.10000915527344,1.0677066963510866,7.633788797654272
feather,0.0,0.5287981859410431,MFA_Ready,-43.225323371167455,-43.696332931518555,1.0647019435247183,5.8541418140971935
mansion,0.0,0.6856462585034013,MFA_Ready,-44.127388332201086,-44.77743148803711,1.060567579375048,5.679818653484144
basket,0.0,0.6424036281179138,MFA_Ready,-51.51011276245117,-53.58055114746094,1.049317689240503,15.768083295915268
sergeant,0.0,0.9543310657596372,MFA_Ready,-45.319603207236845,-43.32824516296387,1.0482364929292303,10.12181920978691
sucker,0.0,0.7409297052154195,MFA_Ready,-49.250669737119935,-48.07413959503174,1.0482364929292303,5.356592055372463
summer,0.0,0.7019954648526077,MFA_Ready,-41.31591099330357,-40.17877769470215,1.048236450296214,5.649129720922343
patience,0.0,0.8585260770975057,MFA_Ready,-49.04294036155523,-48.58143552144369,1.0482357681679542,6.729762538962884
produce,0.0,0.8063718820861678,MFA_Ready,-47.10269579475309,-48.5364564259847,1.0482357681679542,9.944877649832517
coffin,0.0,0.6464399092970522,MFA_Ready,-43.25357196514423,-42.239987182617185,1.0353552293267045,3.1464536740710543
writing,0.0,0.6119501133786848,MFA_Ready,-43.36361744364754,-44.84636459350586,1.0353546109453524,10.132515887754383
boating,0.0,0.530657596371882,MFA_Ready,-50.98756264740566,-53.8262435913086,1.0353543017546765,7.911778804692332
radish,0.0,0.7140136054421768,MFA_Ready,-40.591215751540496,-42.13191223144531,1.0353539925640005,10.660220928857967
army,0.0,0.5407709750566894,MFA_Ready,-42.917909975405095,-42.829320430755615,1.0337861274377205,7.835705680618005
bunny,0.0,0.445827664399093,MFA_Ready,-46.31921115451389,-46.459710121154785,1.0317168325586665,5.329180515507339
recall,0.0,0.6987074829931973,MFA_Ready,-45.47489536830357,-44.29415016174316,1.014784426326671,14.849472203545233
mankind,0.0,0.8677777777777778,MFA_Ready,-43.78253524604885,-42.48870849609375,1.0142492546807689,6.4810192946555425
medicine,0.0,0.7610204081632653,MFA_Ready,-39.767333984375,-39.623303277151926,1.011721999467984,6.379137936132665
whistle,0.0,0.5268934240362811,MFA_Ready,-50.384503058667455,-49.27161407470703,1.011721999467984,6.514135573631496
cancer,0.0,0.6783673469387755,MFA_Ready,-48.88088450712316,-48.868378448486325,1.011721999467984,5.7068377193314745
constant,0.0,0.8112244897959183,MFA_Ready,-53.76804832175926,-52.685057640075684,1.011721999467984,11.900599478700485
whisper,0.0,0.6175510204081632,MFA_Ready,-45.42152060231855,-44.945428466796876,1.011721999467984,4.586535355151753
scholar,0.0,0.6983900226757369,MFA_Ready,-38.8357421875,-40.50476989746094,1.011721999467984,4.762180653241625
stranger,0.0,0.7691156462585034,MFA_Ready,-47.42389153814935,-46.96453693934849,1.011721999467984,5.04414938596819
entry,0.0,0.6214965986394558,MFA_Ready,-46.62279092111895,-46.2917984008789,1.007067123931126,6.984416394614492
pronoun,0.0,0.6703401360544218,MFA_Ready,-41.16697396805037,-45.07808837890625,1.0070668086357404,12.198565767564759
concrete,0.0,0.6510884353741496,MFA_Ready,-48.50182917668269,-46.97785250345866,1.007066493340355,4.552765427394995
apron,0.0,0.6393197278911564,MFA_Ready,-47.21535873413086,-44.884795379638675,1.007066493340355,8.522681471483367
liquor,0.0,0.6303174603174603,MFA_Ready,-53.30199420262897,-51.394670486450195,1.0056332314625482,14.693138190928657
nature,0.0,0.6934467120181406,MFA_Ready,-48.19041907269022,-45.460540771484375,1.0056332314625482,12.970733922420088
danger,0.0,0.685124716553288,MFA_Ready,-40.37248429008152,-44.95999450683594,1.0056332314625482,11.707164737985249
iron,0.0,0.5866439909297052,MFA_Ready,-41.453853283898304,-39.71136220296224,1.0056328449949425,6.131521121084631
mister,0.0,0.7702267573696145,MFA_Ready,-50.85779601258117,-48.37157440185547,1.0056324585273368,9.934909791033828
butter,0.0,0.47585034013605443,MFA_Ready,-49.18018595377604,-51.9075231552124,1.0056324585273368,11.590983819148281
major,0.0,0.6375736961451247,MFA_Ready,-46.6627082824707,-45.808876037597656,1.0056324585273368,12.718273559265526
thunder,0.0,0.7328798185941043,MFA_Ready,-42.299624090325345,-42.97338638305664,1.0056324585273368,12.267675283316013
singer,0.0,0.6868934240362812,MFA_Ready,-49.01696246603261,-46.00428581237793,1.0056316855921255,8.917441805116109
terror,0.0,0.6847392290249433,MFA_Ready,-43.8508731617647,-42.33554458618164,1.0056316855921255,6.493452259269002
mountain,0.0,0.7131292517006803,MFA_Ready,-46.552204830545776,-46.00751813252767,1.0023570280047596,7.461248760942382
menu,0.0,0.6024943310657597,MFA_Ready,-40.11012369791667,-38.29163665771485,1.0023570280047596,11.888723050222058
ego,0.0,0.5714739229024943,MFA_Ready,-38.76960406387062,-39.55096880594889,1.0007701560472433,5.524573013288197
corner,0.0,0.5811564625850341,MFA_Ready,-47.30265018857759,-46.43576354980469,0.9974023349740222,12.882139332712836
torture,0.0,0.6973922902494331,MFA_Ready,-56.797188895089285,-55.17166366577148,0.9974023349740222,11.848748854916217
porter,0.0,0.5726984126984127,MFA_Ready,-54.43126798930921,-52.657624053955075,0.9974021787493643,6.600309203544352
carol,0.0,0.6094104308390023,MFA_Ready,-46.48611200051229,-43.41513023376465,0.996729877883472,4.90724733168442
heaven,0.0,0.5352380952380953,MFA_Ready,-45.380533854166664,-43.28236618041992,0.99672934127961,9.430803361086276
ladder,0.0,0.5587981859410431,MFA_Ready,-41.535670689174104,-43.53737449645996,0.9889826867103443,6.110719100452062
candy,0.0,0.7309070294784581,MFA_Ready,-46.59161293343322,-46.25810089111328,0.98898246394198,14.208185944903367
seaweed,0.0,0.7961678004535148,MFA_Ready,-45.45417175292969,-44.63574752807617,0.9873133646834898,13.456715256258676
builder,0.0,0.606938775510204,MFA_Ready,-47.29713114754098,-49.194007110595706,0.9873121153000387,9.498671419037471
grizzly,0.0,0.7464852607709751,MFA_Ready,-48.03546875,-48.693084716796875,0.9825696082045199,4.011722784724256
blister,0.0,0.693265306122449,MFA_Ready,-50.228710229846016,-49.06216684977213,0.9825692542422269,10.12564540822963
shadow,0.0,0.6858276643990929,MFA_Ready,-51.73226619112319,-50.856727600097656,0.9647745280358805,10.130242002335386
shallow,0.0,0.7888208616780046,MFA_Ready,-46.22340412381329,-42.13906192779541,0.9647744808797099,5.764562085019769
jersey,0.0,0.6196371882086168,MFA_Ready,-50.21029564642137,-50.28420352935791,0.9527845279537961,12.449990313141434
jelly,0.0,0.7775736961451247,MFA_Ready,-46.74389961438301,-45.184420585632324,0.9527845279537961,5.169823364398884
jacket,0.0,0.5305895691609978,MFA_Ready,-51.03728902564858,-50.636356353759766,0.9527845279537961,8.935653086546544
many,0.0,0.5905442176870749,MFA_Ready,-41.257133871822035,-37.395968437194824,0.9521386069797363,9.433636350222624
story,0.0,0.7977551020408163,MFA_Ready,-44.864739990234376,-44.04062004089356,0.9521386069797363,9.483478420471535
daisy,0.0,0.7373242630385487,MFA_Ready,-45.839794262035475,-46.787790298461914,0.9521380844561217,8.470514128638126
voter,0.0,0.5728798185941043,MFA_Ready,-43.288728412828945,-45.267900466918945,0.9482853380226902,6.759821367202413
racket,0.0,0.5333106575963719,MFA_Ready,-50.743887271521224,-51.384527587890624,0.9482853380226902,2.2019988905106445
city,0.0,0.5291383219954648,MFA_Ready,-47.9773640182783,-47.03710174560547,0.9482853380226902,5.956814965307352
bucket,0.0,0.41913832199546486,MFA_Ready,-59.11951846168155,-59.45760879516602,0.9482853380226902,8.15951139004284
beetle,0.0,0.4391609977324263,MFA_Ready,-52.43018132990057,-57.10724868774414,0.9482850963606958,8.446358913875386
cattle,0.0,0.562063492063492,MFA_Ready,-53.066946847098215,-50.729332733154294,0.9482848546987014,7.086023316845488
scooter,0.0,0.6406122448979592,MFA_Ready,-50.46650695800781,-50.58003616333008,0.9482848546987014,4.1030386351242
water,0.0,0.566031746031746,MFA_Ready,-40.18546977796053,-39.344614028930664,0.9482848546987014,6.882114381055054
noodle,0.0,0.5611111111111111,MFA_Ready,-52.054164341517854,-50.57148132324219,0.9388657111170334,15.375796993133974
dial,0.0,0.5610430839002267,MFA_Ready,-41.14931379045759,-44.76722574234009,0.9375733239927293,21.266608189293258
column,0.0,0.7177097505668935,MFA_Ready,-45.738793267144096,-43.552528381347656,0.9271809620115831,2.559521012044339
boredom,0.0,0.5772108843537415,MFA_Ready,-48.654347386853445,-51.715189615885414,0.9271809620115831,5.0265234662074825
miner,0.0,0.6692517006802721,MFA_Ready,-42.588681349113806,-43.38136100769043,0.9271801405159237,8.635138519316815
outcome,0.0,0.8080725623582766,MFA_Ready,-48.0303035783179,-48.92515869140625,0.9258207402917856,1.755722668975082
safety,0.0,0.7088208616780045,MFA_Ready,-48.01794605523768,-46.75309600830078,0.9234814921937293,3.2184306256759854
railroad,0.0,0.6965532879818594,MFA_Ready,-41.570155552455354,-41.80435593922933,0.9234812353227706,11.592149169562738
escape,0.0,0.8096598639455782,MFA_Ready,-54.299467110339506,-55.42157821655273,0.9228275363424076,-2.3451075160598194
measles,0.0,0.7282766439909297,MFA_Ready,-41.75546808112158,-41.475095431009926,0.9228064318497262,9.203504754072942
vessel,0.0,0.5905442176870749,MFA_Ready,-42.793188062764834,-42.61831359863281,0.9228064318497262,5.245663151795242
chisel,0.0,0.5197052154195011,MFA_Ready,-56.01924485426683,-53.02810211181641,0.9228058862216498,5.72870829653629
candle,0.0,0.6874829931972789,MFA_Ready,-48.931693699048914,-47.53899892171224,0.9228058862216498,14.789603975922322
eagle,0.0,0.5090702947845805,MFA_Ready,-47.87048579197304,-49.24257755279541,0.9228058862216498,7.008860625462287
needle,0.0,0.6031972789115646,MFA_Ready,-47.56458333333333,-46.22486038208008,0.9177514355831571,12.072820323473085
medal,0.0,0.539750566893424,MFA_Ready,-44.588772243923614,-41.23676986694336,0.9177508692434883,9.534324122353649
lotion,0.0,0.6544444444444445,MFA_Ready,-48.79195838341346,-47.79648284912109,0.9080185689377879,4.983218129899964
token,0.0,0.6182993197278912,MFA_Ready,-56.28475459929435,-55.51185302734375,0.9080180233097115,6.903629364213749
cannon,0.0,0.5775963718820861,MFA_Ready,-43.86121026400862,-43.30317001342773,0.9080180233097115,5.814943690238593
ocean,0.0,0.6549659863945578,MFA_Ready,-50.468801787405305,-49.73775863647461,0.9080180233097115,9.0829887985579
common,0.0,0.5944671201814059,MFA_Ready,-41.281080342955505,-40.428620147705075,0.9080174776816351,9.93291294245785
fortune,0.0,0.6978004535147392,MFA_Ready,-47.63526088169643,-45.70356432596842,0.9080174776816351,12.978184123540942
nation,0.0,0.7222448979591837,MFA_Ready,-43.87296888563368,-42.12809410095215,0.9080174776816351,4.987278498487537
ferry,0.0,0.6194104308390023,MFA_Ready,-37.21776556199597,-35.046706676483154,0.8972536301360216,5.192546861395623
runner,0.0,0.5503854875283447,MFA_Ready,-44.91693448153409,-42.10617923736572,0.8972536301360216,7.557567139098179
zero,0.0,0.5876190476190476,MFA_Ready,-40.91790254237288,-39.61963701248169,0.8972536301360216,7.278508746077883
rocker,0.0,0.6724943310657596,MFA_Ready,-44.31064161613806,-44.44711875915527,0.8972536301360216,5.34365143092781
rubber,0.0,0.5590249433106576,MFA_Ready,-47.08270699637277,-46.53543281555176,0.8972536301360216,14.286574471373257
forehead,0.0,0.7341269841269841,MFA_Ready,-47.65701586579623,-48.197537104288735,0.8909991884499092,8.140784680820332
granny,0.0,0.5873696145124716,MFA_Ready,-40.61403436175848,-43.356729125976564,0.888630482507878,5.608598589364238
zipper,0.0,0.71140589569161,MFA_Ready,-53.31811179577465,-50.755062103271484,0.8872012505847651,3.149866438458819
oatmeal,0.0,0.6539909297052154,MFA_Ready,-56.73230168269231,-55.035037231445315,0.8777909980801576,9.511331358914788
fiddle,0.0,0.5833106575963719,MFA_Ready,-51.045153387661635,-51.44584503173828,0.8711199993828085,11.974420385200187
toaster,0.0,0.6968480725623583,MFA_Ready,-55.793307059151786,-56.090613555908206,0.85876719476574,8.322844294797424
hollow,0.0,0.5871428571428572,MFA_Ready,-39.67311225503178,-37.32318449020386,0.8552305956365491,3.316575075864584
physics,0.0,0.8495464852607709,MFA_Ready,-49.084047564338235,-47.27845446268717,0.8532046022886477,1.853574173407246
drizzle,0.0,0.5554875283446712,MFA_Ready,-48.836377825055806,-48.971282958984375,0.8468739276862166,8.868536625637475
cherry,0.0,0.5193877551020408,MFA_Ready,-50.91232534555289,-49.35694694519043,0.8296533820752808,9.55350612737012
slipper,0.0,0.6886394557823129,MFA_Ready,-51.261651522871375,-50.76169281005859,0.8292307217632622,8.085801203968508
silver,0.0,0.7117233560090703,MFA_Ready,-42.99257606183979,-41.757087326049806,0.8292307217632622,5.055249545742871
whiskey,0.0,0.5637868480725624,MFA_Ready,-47.276580810546875,-45.92902374267578,0.8292305282491894,4.458424372654569
rescue,0.0,0.9305215419501134,MFA_Ready,-48.198499453965056,-46.055388768514,0.8290033027220329,4.5478663065380545
bandage,0.0,0.6474603174603175,MFA_Ready,-43.37486102764423,-45.23877366383871,0.8278598401604169,8.95450256662696
rating,0.0,0.578798185941043,MFA_Ready,-45.22915544181034,-47.34311065673828,0.8278598401604169,10.98300122323138
paper,0.0,0.5885260770975057,MFA_Ready,-42.434028237552965,-44.53739547729492,0.8243936934973801,5.0549521083858835
justice,0.0,0.7727437641723356,MFA_Ready,-49.693533761160715,-51.172173817952476,0.8241717273669547,5.818047658964225
center,0.0,0.7944897959183673,MFA_Ready,-49.79978614517405,-48.70763931274414,0.8193520644121488,13.591135299010151
spider,0.0,0.7919727891156463,MFA_Ready,-49.95307246340981,-50.511956787109376,0.8193520644121488,12.444564784180386
ivy,0.0,0.583015873015873,MFA_Ready,-45.5250454606681,-43.67174275716146,0.8121757885652142,11.696704342005049
fever,0.0,0.662063492063492,MFA_Ready,-46.92291814630682,-45.12350845336914,0.8098462682675718,6.072953402871086
student,0.0,0.8002040816326531,MFA_Ready,-50.91671142578125,-50.184115818568635,0.8082505048955435,10.061724017022502
lecture,0.0,0.792562358276644,MFA_Ready,-49.35430985462816,-47.132928466796876,0.8082426988442983,4.590103885713397
factor,0.0,0.7827437641723356,MFA_Ready,-52.15315442207532,-51.35750885009766,0.8049854308430127,7.0052909581227745
banker,0.0,0.6209977324263039,MFA_Ready,-50.182723506804436,-52.43159637451172,0.8049853751509216,5.416406973803227
cruiser,0.0,0.6863492063492064,MFA_Ready,-51.80741550611413,-49.51706771850586,0.7954755436737495,7.238126952139229
streamer,0.0,0.8861904761904762,MFA_Ready,-47.05947704529494,-46.21039708455404,0.7954755436737495,13.317744399936672
brother,0.0,0.5254421768707483,MFA_Ready,-45.65904610112028,-46.1946403503418,0.7954755042618263,12.153721563169729
curler,0.0,0.6197052154195012,MFA_Ready,-42.20760616179435,-41.18336486816406,0.7925377303616197,5.417228725731942
bullet,0.0,0.43263038548752836,MFA_Ready,-49.431879087936046,-49.33209991455078,0.7925373056068681,17.533565451492095
glory,0.0,0.6518367346938776,MFA_Ready,-42.31832181490385,-44.04843597412109,0.7925372348144094,11.217456501887025
ballot,0.0,0.44090702947845806,MFA_Ready,-48.27481356534091,-50.92709121704102,0.7861088735279564,9.196667509351666
sunshine,0.0,0.7970748299319728,MFA_Ready,-43.41383056640625,-42.71933237711588,0.7828376135839187,5.677253546833814
dresser,0.0,0.6608163265306123,MFA_Ready,-51.28538929332387,-51.373270416259764,0.7828372725197889,9.014433297013863
empty,0.0,0.6122222222222222,MFA_Ready,-54.020836001536885,-54.24232482910156,0.7768084207337831,10.171892008815654
oyster,0.0,0.7535147392290249,MFA_Ready,-54.37675455729167,-53.429436683654785,0.7642682655943908,7.6211188094701185
gravy,0.0,0.6281179138321995,MFA_Ready,-43.534791976686506,-46.18960189819336,0.7603656054158655,8.417697335934267
butcher,0.0,0.5244897959183673,MFA_Ready,-56.10787259615385,-60.314125061035156,0.7574974088770356,13.468605105367153
border,0.0,0.5346031746031746,MFA_Ready,-41.193948997641506,-45.38957977294922,0.7574974088770356,6.89849602579196
anger,0.0,0.5859183673469388,MFA_Ready,-39.857740499205505,-37.70864200592041,0.7502131122672959,9.771502888304234
murder,0.0,0.58437641723356,MFA_Ready,-44.75765675511853,-45.2091064453125,0.7462786859574405,14.446326005888519
dreamer,0.0,0.6629931972789116,MFA_Ready,-42.96005711410985,-45.95972747802735,0.7462786859574405,13.4516382334857
liver,0.0,0.6266213151927438,MFA_Ready,-43.68532211061508,-43.63382625579834,0.7462786859574405,15.392733516310784
dinner,0.0,0.4668934240362812,MFA_Ready,-47.120002908909576,-50.086594581604004,0.7462782994898348,11.620066510236956
error,0.0,0.47011337868480724,MFA_Ready,-39.575532953789896,-38.463924407958984,0.7462782994898348,8.990484162715312
sugar,0.0,0.611360544217687,MFA_Ready,-51.97769515240779,-50.54585552215576,0.7462779130222291,8.15004925894894
import,0.0,0.5806349206349206,MFA_Ready,-53.527756263469826,-50.98227462768555,0.7291508783064209,16.256856982163104
moral,0.0,0.6477097505668934,MFA_Ready,-40.976904296875,-36.600690841674805,0.7277195577402569,14.465280860852232
monkey,0.0,0.5903401360544218,MFA_Ready,-45.485227423199156,-44.56611785888672,0.7267089344210601,6.982435985854853
maker,0.0,0.5947845804988662,MFA_Ready,-48.786997649629235,-44.73008346557617,0.7267088830775814,6.7527549480821385
passion,0.0,0.6758503401360544,MFA_Ready,-47.335854923023895,-46.42310104370117,0.7249357960449982,8.222542153351618
session,0.0,0.8042857142857143,MFA_Ready,-46.00199584960937,-43.51479568481445,0.7116065818793533,7.1726858294333375
fountain,0.0,0.7069841269841269,MFA_Ready,-47.03142193001761,-46.84433237711588,0.7012052640835236,13.136577662130193
dummy,0.0,0.47061224489795916,MFA_Ready,-42.273819294381646,-44.56847095489502,0.689582554146738,5.655043138398387
scissors,0.0,0.7378458049886621,MFA_Ready,-47.5970458984375,-46.04248123168945,0.6892308471149416,1.8340032754710585
order,0.0,0.5321995464852608,MFA_Ready,-46.504675523290096,-48.55193328857422,0.6856623651740307,8.95423580868071
tidy,0.0,0.6712471655328798,MFA_Ready,-50.05600294426306,-51.60679340362549,0.6734809985586088,-0.6276467141103197
honour,0.0,0.49360544217687075,MFA_Ready,-45.786745655293366,-45.330973307291664,0.6512855265882828,15.71642483649967
navy,0.0,0.6253741496598639,MFA_Ready,-45.88783094618056,-44.95195293426514,0.6512853055433565,12.317519398761629
penny,0.0,0.484875283446712,MFA_Ready,-50.034942626953125,-46.604061126708984,0.6512851729164008,4.470279043038467
tender,0.0,0.613514739229025,MFA_Ready,-40.077888863985656,-39.76857986450195,0.6366206604642839,3.2798417885082145
laughter,0.0,0.72718820861678,MFA_Ready,-48.63790935359589,-48.73366088867188,0.6239319257092338,9.638756217752238
sister,0.0,0.702108843537415,MFA_Ready,-46.4966796875,-46.1468147277832,0.6239319257092338,4.626796317292115
piping,0.0,0.6641950113378685,MFA_Ready,-46.99296801017992,-46.52634963989258,0.6203656877568334,3.8002947316561837
hockey,0.0,0.63140589569161,MFA_Ready,-47.982344370039684,-47.33564567565918,0.6153895816267542,7.634150840047287
echo,0.0,0.5217460317460317,MFA_Ready,-52.9254150390625,-50.51940155029297,0.6153892272544205,8.44727012796244
locker,0.0,0.657233560090703,MFA_Ready,-47.815755208333336,-46.42616844177246,0.6153888728820868,7.500929902546883
loafer,0.0,0.6365759637188209,MFA_Ready,-51.66485595703125,-48.98907279968262,0.6025052507828214,9.781723466534284
challenge,0.0,0.7169160997732427,MFA_Ready,-42.65809122721354,-41.942325274149574,0.6025047198393818,12.757933366761307
steamer,0.0,0.7529251700680272,MFA_Ready,-46.049466145833335,-46.04322052001953,0.5904680195922134,5.15985789547026
sender,0.0,0.6890702947845805,MFA_Ready,-40.782750226449274,-40.211669540405275,0.5904680195922134,4.666230346443605
curfew,0.0,0.6334467120181406,MFA_Ready,-54.00477818080357,-52.53362808227539,0.5807464127259728,7.763580615134899
highway,0.0,0.6955555555555556,MFA_Ready,-41.01429617745536,-41.19288969039917,0.5669519922308144,4.66237195518411
record,0.0,0.5987981859410431,MFA_Ready,-51.139583333333334,-52.394476318359374,0.5504924956976754,4.244199094641651
cider,0.0,0.6436961451247165,MFA_Ready,-52.79499435424805,-52.64898490905762,0.5504909498272527,12.100575064089398
leather,0.0,0.5782993197278912,MFA_Ready,-44.48394143992457,-43.437674045562744,0.5443313243239327,5.762128372630624
gender,0.0,0.6189342403628117,MFA_Ready,-44.92296969506048,-44.54919357299805,0.5354403140253396,6.434751942809829
contents,0.0,0.8834920634920634,MFA_Ready,-45.982019597833805,-46.14860010147095,0.5091430453916334,13.356341588280323
mercy,0.0,0.6823809523809524,MFA_Ready,-46.524647432215076,-44.20626163482666,0.47434152217554804,5.441637064796968
doctor,0.0,0.62859410430839,MFA_Ready,-51.79213557167659,-55.56502990722656,0.46566942506634423,11.43225419046621
weather,0.0,0.5131519274376417,MFA_Ready,-41.74232153799019,-40.8496356010437,0.44370538198169435,7.475691984401696
coffee,0.0,0.6096371882086168,MFA_Ready,-44.9141625576332,-44.177536964416504,0.4261485707654912,6.004606407016475
fancy,0.0,0.7570975056689342,MFA_Ready,-45.50187602796053,-43.958848571777345,0.41394057066868745,10.741568407020164
collar,0.0,0.6279818594104308,MFA_Ready,-40.56489877852182,-39.96180963516235,0.3775738522201932,15.36882833529048
topic,0.0,0.562312925170068,MFA_Ready,-52.44579642159598,-51.76146240234375,0.37757314347552584,8.061486416288865
number,0.0,0.6300453514739229,MFA_Ready,-45.44790504092262,-42.87674179077148,0.37588426140939707,7.878843531435287
ticket,0.0,0.6378004535147392,MFA_Ready,-59.85211944580078,-59.962067413330075,0.33587156413782115,8.349823137618205
lemon,0.0,0.5609297052154195,MFA_Ready,-41.54866681780134,-39.47819213867187,0.27651197964895785,8.506948893614286
