word,cosine_similarity,clean_norm,noisy_norm
abuse,0.50361305,31.90156,14.470064
account,0.67022216,25.687658,16.72303
adult,0.6519806,35.01087,26.137701
adverb,0.6824435,27.959984,21.609585
advice,0.6564336,25.65656,17.622572
aerial,0.6080859,34.05285,24.108858
affair,0.68656266,29.212145,22.406645
alert,0.65478903,28.504395,21.864222
alien,0.5172794,47.475628,29.7905
alley,0.6209665,31.331724,22.731123
amount,0.51894224,33.31883,23.260324
anchor,0.39258736,35.48611,21.307438
angel,0.45273843,39.445145,24.411959
anger,0.39416865,46.226643,29.579786
angle,0.40279722,43.4226,26.70333
ankle,0.4923025,37.86531,21.444424
answer,0.4183499,34.527687,12.254779
antique,0.4396354,32.137825,19.165243
appeal,0.6737394,28.288815,19.11524
apple,0.6866536,12.902476,9.431121
apron,0.5510671,28.88986,26.734478
area,0.6447731,34.788177,22.461342
army,0.5306602,40.02822,27.8165
arrow,0.687464,31.875336,23.94244
artist,0.6613474,22.641428,15.141086
aspect,0.7547095,18.184492,20.09987
asphalt,0.75330746,28.756886,31.232094
assault,0.81458104,27.969479,24.919573
athlete,0.65852016,22.33791,15.162827
atom,0.6043852,33.03511,23.793169
attempt,0.634074,25.543804,17.010946
audience,0.58031774,32.586285,20.249027
author,0.67690074,19.260117,14.394021
autumn,0.5662769,31.350885,17.187407
axle,0.6487841,28.339394,27.111677
baby,0.5160678,29.455069,19.288818
background,0.7630886,21.10036,16.579502
balance,0.6742438,26.026987,23.146475
balloon,0.5865493,35.218975,21.38061
ballot,0.80132484,27.624971,26.365679
bandage,0.55933386,25.63478,18.753588
banker,0.48872077,27.123077,17.221443
bargain,0.7460695,34.961975,28.123796
barrel,0.6968651,33.553886,28.690298
basement,0.5120203,36.24042,20.424911
basin,0.60323536,29.984713,24.101168
basket,0.7097701,26.801395,19.03302
battle,0.7032222,21.24259,29.203941
beauty,0.38558248,51.525497,26.67302
beaver,0.32309383,34.34464,11.086488
bedroom,0.58402854,32.458042,24.838388
beetle,0.5392146,43.078102,23.918756
belief,0.5709164,33.25045,19.843555
belly,0.65468276,36.307083,21.122915
berry,0.6732481,29.070711,24.406012
better,0.64012057,36.71212,22.655596
biscuit,0.5604075,29.98678,16.21654
bishop,0.6304354,30.468086,26.548244
blanket,0.45866457,40.29968,23.074402
blessing,0.5859847,37.514473,23.067762
blister,0.5953354,31.083147,27.726255
blossom,0.6214059,34.68231,20.36405
blunder,0.51089144,43.714466,23.492619
boating,0.55337846,35.17624,25.700277
body,0.7097127,27.2768,21.771685
bonus,0.5383988,25.998236,17.700905
border,0.6032838,43.439796,28.883839
boredom,0.5264287,46.706467,29.835888
bother,0.78381276,25.682888,19.442047
bottle,0.70926493,36.853245,27.712452
bottom,0.7030417,35.28617,23.931149
boulder,0.63850504,34.703205,23.860123
bouquet,0.653196,25.820395,15.433324
bracelet,0.6278095,38.351913,19.16987
brandy,0.44286314,43.564674,25.094048
breakfast,0.78761643,28.270237,25.964025
brilliant,0.51669973,51.038383,43.44689
bristle,0.52012134,34.380955,17.257217
brother,0.68663156,35.783047,24.40984
bubble,0.7391707,33.996014,22.654139
bucket,0.76235825,21.546024,14.583998
buckle,0.74408275,24.841745,18.872812
budget,0.6933656,29.047575,24.168644
builder,0.5672598,34.4126,23.18376
bullet,0.63631904,38.47786,32.56449
bunny,0.4988348,36.47765,20.983517
burner,0.5829071,29.721397,16.54394
butcher,0.596692,28.882866,16.718117
butter,0.65071344,32.549377,25.493364
button,0.64999664,31.888779,19.52644
buyer,0.7709956,20.726305,16.208265
cabbage,0.67433727,27.24465,20.658981
cabin,0.6346941,20.570784,21.511288
cable,0.54778403,22.067358,25.78031
cafe,0.5463546,26.100842,17.168928
canal,0.55562514,35.69836,26.58237
cancer,0.3839539,33.33045,9.822314
candle,0.5443784,27.955711,28.653656
candy,0.434113,18.474777,23.771645
cannon,0.3440742,43.26895,29.476667
canteen,0.43401653,34.745052,12.952119
capsule,0.71243733,20.534199,14.501055
captain,0.64075744,22.501053,16.068237
carbon,0.6291007,29.534044,20.521421
career,0.56965876,37.909122,27.529577
carol,0.7427431,38.188923,27.123571
carpet,0.65479815,35.96765,20.820297
carrot,0.71009666,35.069706,21.396772
casket,0.61343133,24.765926,20.931358
cattle,0.49807912,14.934798,28.004482
ceiling,0.51388144,28.218111,15.484351
cellar,0.73360866,26.055775,22.406612
cement,0.4683269,33.116894,14.845799
center,0.49903655,24.47889,17.34501
cereal,0.58293504,46.858032,24.958351
challenge,0.62499774,35.60293,19.259983
champion,0.4428342,30.502829,20.660673
channel,0.5212591,38.21875,21.097622
chaos,0.6227024,24.47766,18.039608
chapel,0.70495254,24.15652,25.822647
cherry,0.71628004,16.1537,22.667994
chestnut,0.58656555,23.622719,19.828978
chicken,0.6587546,25.393448,20.911985
childhood,0.65583664,29.796408,23.135315
children,0.52435917,34.51999,29.054865
chilly,0.66615516,25.331804,21.212511
chimney,0.5060946,21.034966,14.624557
china,0.3731695,40.241585,26.061878
chipmunk,0.5585122,27.482563,24.1323
chisel,0.612682,22.969017,16.175611
choir,0.7286085,28.663343,17.730791
christmas,0.5403803,24.74468,12.541635
chuckle,0.7010022,28.514194,23.649843
cider,0.6093197,23.515059,16.687963
cigar,0.72937703,27.916397,25.856308
circle,0.67586035,25.827469,21.204073
circus,0.6668317,24.246088,22.86396
city,0.6009118,28.358606,23.913736
closer,0.5968906,30.362026,20.297039
closet,0.6722275,30.093985,15.450496
clothing,0.59052753,35.528446,25.90974
clover,0.5898362,32.47355,22.116312
cocktail,0.68353045,31.31285,20.887732
coffee,0.6367788,27.568607,16.316866
coffin,0.6085768,28.360214,23.863045
collar,0.73924255,36.294945,24.735886
college,0.6791373,34.017704,25.42569
colonel,0.52993304,40.294754,30.622234
column,0.5860702,39.915462,19.094774
combine,0.56323195,44.59042,20.934532
comfort,0.51208633,36.096714,23.895744
command,0.46069446,30.452663,21.542635
common,0.5394911,36.940777,19.607058
compact,0.52234715,24.018085,12.638304
concept,0.5837434,37.145824,22.746555
concern,0.4774274,26.363312,19.452364
concert,0.5584865,35.92119,21.159996
concrete,0.3822296,44.178757,19.98486
conflict,0.51990885,39.770622,19.908937
conscience,0.45780984,38.58029,24.461067
constant,0.42282236,38.228527,19.176476
contact,0.6047034,24.271927,20.123732
content,0.4944275,42.849827,19.450123
contents,0.4350834,36.560543,22.485708
context,0.44034818,39.73112,27.953472
contract,0.4789005,37.82457,20.225822
control,0.6952209,35.369102,24.963724
convent,0.45645505,44.21931,13.025308
copper,0.6279297,21.36918,15.078595
corner,0.58823276,39.379265,26.965132
costume,0.7213861,24.437757,16.546135
cottage,0.6221277,33.608368,21.593098
cotton,0.7141311,24.142872,12.326387
council,0.5035399,28.280214,11.377309
courage,0.7235015,27.809572,23.318243
cousin,0.5992329,31.211134,19.394363
cover,0.69410384,26.103516,18.292152
cowboy,0.67812085,32.89957,28.713032
cradle,0.567456,47.32936,33.421093
creature,0.49198532,36.950016,24.181042
crisis,0.5604223,28.35279,18.325193
cruiser,0.4074448,38.44956,19.591013
crystal,0.65307885,32.326054,18.143234
culture,0.6659741,31.975292,21.939625
curfew,0.58603567,32.591507,18.503824
curler,0.607994,36.11782,24.490417
current,0.67302233,28.412779,18.557428
custard,0.62823427,29.857552,16.434092
custom,0.69398326,22.61487,21.761278
cynic,0.43810582,23.903687,17.538439
dagger,0.7204925,29.990149,23.004383
dairy,0.616847,30.948374,25.516132
daisy,0.43924692,27.676588,18.038372
damage,0.489738,33.491302,23.122343
dancer,0.4859548,34.01541,17.019974
dandruff,0.5420522,36.403347,29.526136
danger,0.3599177,33.011242,12.41785
daylight,0.59085804,22.430027,23.912066
debate,0.6735233,26.469383,17.87289
decay,0.6859377,19.715422,13.42571
defeat,0.40250772,29.027382,13.961715
degree,0.4984929,36.62064,27.0823
delight,0.6466595,30.244715,21.494137
dentist,0.5087958,29.491222,16.444017
design,0.5721513,23.64597,20.514301
despair,0.67708623,31.759418,27.864878
device,0.6478887,25.49143,21.545668
devil,0.7088797,28.643839,19.225718
dial,0.74965537,27.572151,24.981722
diet,0.7072163,28.924828,22.338245
difference,0.6340725,22.823307,17.113947
dinner,0.52335775,30.22363,20.943943
disease,0.32509097,36.688217,15.559851
disgrace,0.62335986,22.591747,22.79997
display,0.67786807,22.08239,15.53663
dispute,0.55172247,41.373886,27.86447
distance,0.5560021,26.459085,24.952925
distress,0.7257466,17.572714,17.771158
doctor,0.67679626,25.906153,18.976274
dollar,0.75229985,34.76916,17.375538
donor,0.51077056,24.189487,20.069643
doorway,0.6624388,46.022144,26.291546
dozen,0.6666694,25.624304,19.22398
drama,0.5763256,30.026478,20.877298
dreamer,0.38299844,52.300976,28.870405
dresser,0.66183716,31.947668,22.313736
driver,0.6873022,27.862959,19.703598
drizzle,0.58888775,39.0269,26.244709
dropper,0.6542618,34.693237,21.586817
drunkard,0.5372696,40.357433,28.678219
dummy,0.5219765,30.127207,23.512978
duty,0.35134363,37.869274,16.93251
eagle,0.5996874,27.570574,15.315578
earthworm,0.5679179,31.204273,20.130934
echo,0.65754515,28.737206,17.086718
effect,0.84351784,14.824339,13.344663
effort,0.63078105,23.536274,14.521566
ego,0.45353097,29.558868,16.501322
elbow,0.5745096,32.759735,21.689678
empty,0.4715016,30.043077,21.47262
engine,0.36244404,41.45976,22.448586
entrance,0.42850772,32.47193,19.663992
entry,0.42018485,34.08846,20.832373
envy,0.36941275,32.30575,19.517138
equal,0.61936224,31.26399,19.35156
error,0.6818838,30.32799,20.77505
escape,0.49828026,22.286009,15.474611
essay,0.5992658,22.899107,18.61866
estate,0.6438762,15.499795,17.83385
even,0.37234733,39.14277,21.966528
evening,0.35255918,44.20694,22.374077
event,0.57517695,22.011293,11.718599
evil,0.43520752,32.647045,21.298948
exchange,0.5384983,19.536995,15.022925
excuse,0.49528122,29.151073,23.67593
exhaust,0.6500115,20.520027,16.78991
exit,0.65468067,26.83235,25.45247
express,0.6880297,16.715202,20.147055
extent,0.7222473,24.375296,23.123817
extra,0.7278197,16.192577,21.954353
extreme,0.3916386,35.50361,25.901958
fabric,0.74510485,27.994741,18.774712
factor,0.7420415,18.62977,16.839712
failure,0.6000143,41.382057,27.637014
fairy,0.62931037,33.507923,26.13155
fancy,0.47403166,21.307804,13.831542
fashion,0.7317098,21.739376,16.129827
father,0.7151603,29.796003,21.529787
fatigue,0.47800604,16.16299,7.683961
feather,0.7181085,24.237255,19.048628
feeling,0.5092397,35.76248,26.02073
fellow,0.70176804,31.84279,21.371891
ferry,0.6624355,30.538761,23.466549
fever,0.46272567,28.257349,23.289146
fiddle,0.58245236,28.65787,25.338865
fifteen,0.5298881,26.047022,17.70123
figure,0.6799719,25.035242,18.757526
filter,0.51186657,35.094254,26.761139
finance,0.5080149,27.853361,14.520814
finish,0.50959057,27.412111,18.5896
fire,0.7302338,23.838177,14.791951
flannel,0.52075946,42.511272,32.38436
flashlight,0.6370591,36.530537,21.68077
flicker,0.571508,30.236818,18.969244
flower,0.7579536,30.27184,21.4606
football,0.781621,31.782644,23.448359
footstep,0.6944424,20.468908,21.247786
forearm,0.6755868,38.6266,23.432175
forecast,0.6122428,30.685488,24.831974
forehead,0.5628659,37.492855,28.13954
forest,0.7159862,31.836653,29.954285
format,0.58384186,41.831066,28.517052
former,0.60347766,35.225483,17.217266
fortune,0.61673266,42.530983,25.417023
forward,0.6598303,35.86994,21.331596
fountain,0.41839013,17.345112,15.896366
freedom,0.44907826,44.761883,22.367374
friction,0.58065605,31.101414,25.56726
friendship,0.510939,35.22171,25.89466
function,0.48385355,37.584007,24.29195
future,0.33481723,44.94165,15.253402
gallon,0.6603623,24.819435,20.086382
garlic,0.6934235,43.753925,29.973616
gender,0.62438923,30.610647,15.165489
genius,0.37383816,43.97408,26.3717
gesture,0.70979816,21.686556,19.269888
giant,0.6484198,19.20702,13.207705
ginger,0.41837078,30.153694,12.581675
girdle,0.6578719,46.57733,29.1993
glory,0.58974075,36.09346,28.57977
grammar,0.6169894,36.781673,27.231312
granny,0.5194614,38.415173,20.592997
gravel,0.6924215,36.475883,23.687582
gravy,0.5489015,32.409744,19.184027
grizzly,0.50155455,34.677334,22.881187
grocer,0.6505623,33.77043,22.974285
guitar,0.71105826,33.047382,22.720701
gutter,0.66504824,35.287918,20.268494
hammer,0.5147868,32.789173,20.449612
hamster,0.30874872,39.34282,19.266214
hardship,0.6407743,30.054676,21.36826
hardware,0.6583746,35.195164,20.323065
harvest,0.6122158,33.900505,25.89755
hatchet,0.7444948,30.324417,28.205126
hatred,0.48432752,29.245907,19.227392
havoc,0.73392415,26.62819,13.957233
hazard,0.627578,27.80278,23.406858
heaven,0.6375773,33.89544,19.739254
helmet,0.55867374,39.987,24.12476
hero,0.4652846,37.297665,24.821266
highway,0.62372404,31.713871,22.845955
hobby,0.6520344,25.538658,18.076319
hockey,0.71468633,21.316395,14.689988
hollow,0.73346686,37.120678,23.72876
honey,0.46425378,33.82335,23.559458
honour,0.70633495,24.881033,17.369497
horror,0.69486487,32.569607,22.502317
hotel,0.7385182,31.281801,21.048485
household,0.67564577,32.929043,24.333076
humour,0.37751624,41.771275,21.605082
hunger,0.46296594,38.076077,24.199633
husband,0.50397694,27.847895,10.093333
hygiene,0.5146359,25.02633,16.462053
idea,0.44160616,30.272345,16.063665
ideal,0.5107829,32.699986,23.79786
impact,0.33868673,36.05009,21.662352
import,0.58031344,32.96004,32.083588
impulse,0.32473215,35.675343,14.378157
incense,0.35545394,35.443855,22.345955
incline,0.46913248,37.855865,21.179714
income,0.4103294,35.14383,20.365355
increase,0.33569214,40.011333,26.439537
indian,0.43746096,56.886715,34.56644
infant,0.3527112,34.69917,14.97857
influence,0.36928344,41.967205,25.938526
insect,0.34888938,38.021328,19.030941
inside,0.32665274,40.90848,14.469975
insight,0.38391194,40.53021,14.146741
instance,0.42849708,29.267904,14.751748
instinct,0.3643531,40.82976,19.760677
insult,0.4145662,39.78735,13.343514
interest,0.41849574,37.43503,24.043371
iron,0.56625324,28.303606,21.6483
island,0.5080806,38.298973,26.36167
issue,0.63329464,25.18761,14.486453
item,0.5673049,41.065727,26.153288
ivy,0.55915844,27.634733,20.51181
jacket,0.7521487,19.203453,15.625646
jelly,0.734726,25.478931,21.987898
jersey,0.5204675,31.32431,20.285
jewel,0.65395474,26.387243,20.507599
journal,0.5637934,31.312004,25.504173
judgement,0.62776417,28.756226,19.225163
junction,0.42940345,34.486736,15.781608
junior,0.28942603,51.808468,27.238638
jury,0.58256656,31.260231,25.212652
justice,0.74178004,22.598135,19.065607
keeper,0.45826292,20.784859,11.060867
kernel,0.5034578,43.919926,24.064981
kettle,0.684411,33.89102,21.3793
kingdom,0.33506435,44.93492,26.718407
kitten,0.5763804,23.74356,15.720887
knowledge,0.6806593,35.17523,23.43219
knuckle,0.5373652,27.60856,15.160885
labour,0.4888134,33.80183,16.102427
ladder,0.6538123,40.238724,24.16081
lady,0.4750881,28.66906,15.594604
landscape,0.4681853,42.63015,29.077463
laughter,0.7634467,25.124517,19.759666
laundry,0.5182822,42.295723,20.729696
lawyer,0.7140743,20.188873,20.200113
leader,0.42919698,33.516315,12.331716
leather,0.65341425,33.41107,22.889303
lecture,0.5872044,30.882305,25.666485
lemon,0.5895906,30.555725,18.972506
lesson,0.6173485,15.078076,22.294575
letter,0.53202474,36.139683,19.193731
lettuce,0.60369366,38.75378,23.464521
level,0.621673,37.57879,23.767315
lever,0.6220161,34.65195,24.116222
liar,0.7363073,31.527372,20.852905
lighter,0.6965496,37.740673,24.698927
lightning,0.5661488,30.072767,19.888315
linen,0.49814495,39.748734,25.720055
lion,0.6506719,31.658522,16.522797
liquid,0.5637518,39.510498,30.193865
liquor,0.61894846,28.662092,22.388426
liver,0.5618913,31.345554,22.923027
lizard,0.49246106,35.91823,25.521503
loafer,0.63163257,36.579117,23.195616
lobster,0.7237215,29.895428,22.452772
locker,0.62986404,34.467148,26.032778
lotion,0.6133439,31.0007,20.614775
lumber,0.58850485,39.58907,25.092213
machine,0.5025013,26.933933,18.367193
magic,0.5523759,30.64423,23.533342
magnet,0.54222804,34.81488,14.425843
major,0.4374912,31.792635,19.808487
maker,0.4773006,31.293993,23.27196
mankind,0.41076458,41.88731,23.784163
manner,0.44766942,32.95574,20.228888
mansion,0.37773678,39.928722,26.428493
manure,0.34641406,51.22659,21.579052
many,0.4832252,39.70097,24.944233
maple,0.41064402,35.459183,23.943588
margin,0.5152803,39.130695,25.151234
market,0.584951,42.01208,19.847881
maroon,0.4401348,42.236576,26.113642
marriage,0.5343695,38.233475,23.234669
marvel,0.60260713,49.166218,26.900015
master,0.53671753,24.095018,18.2364
matter,0.6436937,40.04073,23.804165
mattress,0.57001275,27.11936,15.794326
meadow,0.5113975,35.40953,22.341372
measles,0.37734765,52.397385,31.644205
measure,0.53155893,30.432474,20.164362
medal,0.52843565,40.9614,29.364927
medicine,0.47312918,41.425934,27.799791
meeting,0.4246292,50.285374,25.940016
member,0.4564122,41.47315,21.514322
menu,0.44766447,35.088013,18.361835
mercy,0.39608568,36.005947,13.858071
merit,0.4783188,34.129585,27.053164
metal,0.5368873,39.48019,23.560656
method,0.54582447,29.20815,22.798359
midnight,0.48357895,31.283781,20.077486
mileage,0.6250661,30.051662,18.844296
million,0.3946299,42.66863,28.567497
mimic,0.31842142,41.60591,27.37454
miner,0.37205574,40.279396,18.302269
minor,0.39383513,36.22472,18.83778
minute,0.36611962,37.31356,22.95193
mirror,0.43351844,44.476948,24.223703
missile,0.45148873,34.365437,26.322977
mistake,0.5253798,23.322557,20.212227
mister,0.41167253,25.769756,23.612814
mistress,0.43137142,36.897743,19.821592
misuse,0.42612112,39.794327,23.038857
mixer,0.30947056,36.779552,21.893612
mixture,0.5077841,26.191313,21.555342
modern,0.6138834,37.933624,20.399267
moisture,0.4718851,35.70477,15.623745
moment,0.49632725,44.55453,20.687178
money,0.5594439,29.579845,20.359447
monkey,0.49066085,30.52371,21.620508
moonlight,0.2648404,53.630558,33.30604
moral,0.61795837,43.68903,22.701767
morning,0.5107778,49.481075,34.631447
mortal,0.575022,47.48254,28.07266
mortgage,0.47831073,39.238884,28.448326
mother,0.49657252,37.151226,21.800068
motion,0.52020097,31.248522,25.17762
motive,0.43543252,44.718582,26.367224
motor,0.49787766,38.075336,25.698711
mountain,0.48140845,38.02935,19.208172
mouthpiece,0.5573852,27.825218,17.433586
movie,0.34897193,42.658268,14.641283
murder,0.5340664,34.745922,20.268206
muscle,0.58802694,28.728481,17.053457
music,0.39535373,47.643124,25.090733
mustard,0.63076925,33.050785,19.185549
mystic,0.3467182,33.750877,21.237427
napkin,0.4931383,33.2791,16.836372
narrow,0.5822028,37.29512,28.820831
nation,0.42776713,40.082973,24.963625
native,0.41140297,48.344425,26.860487
nature,0.40832755,32.739132,18.870737
navel,0.4016454,37.438072,21.41883
navy,0.35662094,36.136738,17.172228
necklace,0.49063325,28.630562,18.102037
needle,0.45912257,48.535973,23.838863
neglect,0.77766687,24.665213,20.408283
nephew,0.43018377,34.897274,18.453531
neutral,0.6284005,33.38736,25.926311
nickel,0.51148415,32.718548,23.378338
nightfall,0.5984564,27.189861,22.824707
nightgown,0.5649358,33.177734,24.43426
nonsense,0.47271824,32.627396,22.186802
noodle,0.37220708,46.603813,24.512451
notice,0.42663017,34.882168,19.4463
novel,0.6126494,34.721718,20.118036
number,0.40375298,42.91972,15.238758
nursery,0.52616835,36.536102,12.849797
oatmeal,0.69189155,23.936806,16.716824
object,0.7201865,27.151833,19.53303
ocean,0.64708704,21.872732,13.998382
odour,0.5890248,36.94628,17.435143
office,0.76224476,25.06202,17.716347
onion,0.49174187,39.165974,26.137854
opening,0.55638015,36.970173,28.295553
oral,0.6813541,34.442184,29.519379
orange,0.57267624,41.150528,29.702919
orchid,0.5533529,38.268795,32.912407
order,0.5815863,35.543297,18.712097
organ,0.61908644,35.026802,27.798279
other,0.6892335,23.796991,16.568787
outbreak,0.7494977,30.284725,19.948704
outcome,0.6573042,24.570503,20.089777
outfit,0.7771792,23.044128,18.570269
output,0.7020898,23.54355,19.121195
outside,0.7576432,19.946358,27.98058
oven,0.6409212,25.599743,15.475811
owner,0.4755364,34.85169,16.30119
oyster,0.5836855,26.305437,18.989693
package,0.61395454,25.082714,19.94068
painter,0.34404463,36.64643,23.08628
palace,0.76881826,20.965467,21.899805
panic,0.5001721,27.645535,26.296835
paper,0.54679024,38.32244,20.866997
parade,0.66377413,32.759018,26.18723
parcel,0.6190332,33.38647,14.239274
pardon,0.6837062,32.090996,19.961538
partner,0.62922096,30.275791,20.94127
party,0.5968136,31.662516,18.002636
passage,0.6849302,26.96592,21.476036
passion,0.7647381,17.047045,15.235185
passive,0.6771479,24.726463,21.185717
pastor,0.60585743,25.51284,22.65681
patience,0.4285726,29.748665,23.358103
patient,0.42372763,32.047386,20.544498
pattern,0.6265437,31.815012,24.410273
payment,0.43702826,25.42617,18.77789
pebble,0.6926802,27.442736,18.222082
pencil,0.4030547,33.354862,18.05034
penny,0.4792176,14.798052,23.629488
people,0.5223712,28.358086,11.473252
pepper,0.6623376,22.529503,21.082094
perfect,0.56746304,26.227642,16.689316
period,0.50419456,44.11684,27.600708
permit,0.56849635,37.741615,24.82119
person,0.56764364,28.884445,19.444813
physics,0.5688481,30.718483,21.146025
pianist,0.51086724,34.156548,24.154886
piano,0.4631302,40.158688,28.424032
pickle,0.5629631,22.802515,14.229436
picture,0.5483875,26.164639,21.837261
pigeon,0.4885495,29.172276,20.334259
pillow,0.55234414,32.062744,22.362215
pimple,0.44590184,35.315067,28.138147
piping,0.629773,27.838617,19.278915
pity,0.52586955,32.24292,23.879288
planet,0.5326438,34.78298,24.420258
platform,0.71539456,28.557692,18.110136
platter,0.72579455,34.35083,26.617046
pleasure,0.6168186,32.369102,20.623428
pliers,0.66570854,32.377605,21.863148
pocket,0.7017754,31.400549,22.418535
poet,0.6755507,24.961557,22.802692
poison,0.508229,32.558273,21.032093
polish,0.70925975,32.545986,18.110113
pollen,0.60688525,34.085186,21.166475
pony,0.38963187,42.843327,22.139725
porter,0.55795807,35.938057,28.044325
poster,0.59854454,27.644583,19.834454
powder,0.59341455,26.916458,23.05094
prayer,0.74425143,33.990215,19.439001
presence,0.59149927,31.683464,27.915136
present,0.6209125,34.681732,22.04837
pressure,0.7087658,28.8842,25.605793
pretence,0.44731382,33.05441,19.105328
princess,0.45397985,36.763603,26.539396
prison,0.53541404,32.72512,25.518826
private,0.5533237,29.851204,21.256155
problem,0.73267215,31.136559,27.06604
produce,0.56460047,34.232044,22.537859
product,0.71458864,38.826405,26.394464
profit,0.69513834,24.99736,19.918415
programme,0.5574769,34.34257,22.775904
promise,0.50151634,40.52065,17.696861
pronoun,0.56882936,31.197609,20.609861
prophet,0.701352,30.858046,20.269585
protest,0.5415825,33.828556,23.459513
public,0.615793,28.66194,20.692532
pudding,0.6044785,38.282974,24.765965
puddle,0.687573,34.938194,26.903244
puppy,0.71432716,23.791548,15.853144
purpose,0.63793623,31.904915,23.934233
puzzle,0.5337796,30.225962,25.771313
quarrel,0.68610096,39.461918,34.241962
quarter,0.5740966,36.464226,23.624
question,0.7275178,24.884727,22.058935
quiet,0.7786297,32.143826,23.225233
rabbi,0.73500496,32.403152,17.558716
rabbit,0.71999735,34.133236,21.723597
racket,0.5883056,25.279654,15.116907
radish,0.6577148,33.995174,25.102646
railroad,0.6462595,39.115887,34.420868
rating,0.55070156,34.027473,21.185669
ration,0.70822006,22.485197,15.766767
razor,0.48558086,32.14263,22.410957
reading,0.34925488,41.24225,19.139914
real,0.5316672,34.965553,24.3052
reason,0.40279296,41.453487,27.196077
recall,0.5760321,34.46597,21.551619
receipt,0.42509115,36.606113,18.026627
recess,0.39822966,28.327688,19.364244
record,0.7186047,30.746897,17.433292
recruit,0.59148204,38.513287,28.086363
reflex,0.52752554,21.308771,18.33469
refrain,0.38034096,39.58862,26.330896
refuse,0.53090507,37.983223,16.13289
regret,0.6587477,26.364307,25.4576
relief,0.52603275,39.382,23.819778
remark,0.640011,50.562668,24.562445
repair,0.5863991,23.898958,36.352047
reptile,0.6463978,32.01412,20.863756
rescue,0.62700826,33.18829,23.41232
research,0.4338553,41.102646,17.876171
resort,0.6488044,45.09772,35.19292
respect,0.6093754,31.485786,18.500385
response,0.589817,24.06643,15.590815
retreat,0.45487845,37.523315,19.798868
revenge,0.4871972,36.654865,23.462471
revolt,0.627414,40.02901,28.270796
reward,0.6832512,44.87383,30.654356
ribbon,0.5281935,41.537086,20.871292
riddle,0.63399523,35.789215,27.627731
rifle,0.64066756,27.041704,16.542265
riot,0.76194715,29.546024,20.486143
river,0.6120029,29.003668,18.590982
robber,0.70777273,34.584995,21.21096
robin,0.6346527,37.691193,25.372658
rocker,0.6631133,28.429012,18.256168
rocket,0.7369784,28.497858,19.852112
romance,0.47397286,38.52108,17.221876
routine,0.3602447,41.90676,9.920465
rubber,0.6575129,30.95286,27.16061
ruler,0.59073776,46.47778,31.380854
rumble,0.65572375,35.187088,28.18723
runner,0.5675068,40.741203,25.368124
safety,0.4898647,23.559679,16.37878
salad,0.68301636,18.038996,23.83162
salute,0.6191231,29.679432,25.624857
sandal,0.5023321,28.674522,20.475882
saucer,0.74394953,21.6072,24.254879
scholar,0.6985628,33.654175,24.884293
scissors,0.57792395,26.02163,17.156187
scooter,0.4128269,42.942154,23.035608
season,0.27983737,35.36464,17.1116
seaweed,0.39224464,31.260876,7.816492
second,0.65194565,22.35141,16.365965
seller,0.7427082,28.787153,20.20888
sender,0.4955103,29.70109,22.625763
sergeant,0.6160766,33.05562,25.414068
series,0.4271861,39.394093,24.79116
service,0.5953218,25.087807,20.176573
session,0.6489003,24.238096,18.273214
sewer,0.65569836,25.761446,17.034193
shadow,0.677497,25.50483,21.625168
shallow,0.69457644,28.040178,19.326569
shelter,0.7180069,25.400131,20.714428
shiver,0.5593148,24.054981,25.401592
shortage,0.61797667,39.46629,31.243788
shoulder,0.67329687,30.193949,26.298368
shovel,0.70932883,31.186405,22.117413
shower,0.7749556,22.1614,18.847965
signal,0.51174724,21.502708,17.62205
silence,0.5889873,21.43807,16.527155
silver,0.57156754,31.25578,18.575907
singer,0.5183094,17.369957,8.675586
sister,0.6000624,21.953571,24.232197
slipper,0.5441092,29.270107,17.282072
soccer,0.7079288,27.124495,19.1273
soda,0.5822957,31.412817,21.944756
sofa,0.65337396,23.910479,17.632658
soldier,0.62197834,39.998665,34.75905
sorrow,0.7875746,24.561594,24.99798
speaker,0.42816794,29.538202,11.068275
special,0.7247238,22.237495,22.523169
spider,0.6856306,29.014816,22.153843
spinach,0.5295086,27.825254,15.340089
spirit,0.6624004,34.557007,29.707315
squirrel,0.6006253,29.95876,14.447379
stable,0.6128764,36.05337,28.013525
stadium,0.44396082,40.067646,18.029192
standard,0.5040006,30.372505,17.681513
statement,0.536684,24.277122,24.078564
station,0.52969265,28.213627,24.881487
steamer,0.3567964,33.729435,14.9098215
stocking,0.6673014,24.000704,19.760824
stomach,0.5744859,21.770458,16.494066
story,0.7190219,30.279577,31.532398
stranger,0.44154444,40.668846,25.610432
streamer,0.38428652,44.435963,20.06773
student,0.42531273,45.98047,26.585527
stumble,0.5302176,33.361088,23.453878
subject,0.70386416,23.719286,18.665983
substance,0.6246605,27.731682,21.015995
success,0.6266531,17.404985,17.333366
sucker,0.70113224,23.767302,17.394745
sugar,0.59819305,24.470703,22.923307
summer,0.6190528,24.542583,19.391615
sunburn,0.4507815,34.763447,20.187412
sunlight,0.5264121,31.748154,23.060009
sunset,0.46485913,32.460796,25.001759
sunshine,0.38770616,32.165554,12.031622
supper,0.7274369,22.96803,18.280508
supply,0.7580103,19.098343,12.926158
support,0.7438835,29.13185,23.20948
surface,0.56445265,25.198662,19.863842
surplus,0.5696219,23.936386,17.718203
surprise,0.7873286,18.844145,19.580145
suspect,0.6885942,23.176918,19.150524
symbol,0.5542472,26.821735,18.705095
system,0.587024,27.87525,24.231335
table,0.57019573,34.806557,20.207796
talent,0.6260521,31.805666,20.38574
teacher,0.43608373,30.230375,17.993023
temper,0.50289685,11.403408,19.545387
temple,0.53599286,11.341893,21.086514
tender,0.41963565,40.492794,24.967989
tennis,0.4741077,33.30953,20.914373
terror,0.6148943,36.49068,27.488127
theory,0.56497794,30.483486,23.999731
thinker,0.51697695,23.563454,16.49605
thistle,0.5811288,25.405727,22.790314
thunder,0.5997673,25.448967,20.473671
ticket,0.5322452,28.887938,23.985004
tidy,0.48847777,32.52668,22.967806
tiger,0.60987985,25.278107,21.932646
tire,0.71326315,26.181616,15.583984
title,0.62824434,36.421806,26.904234
toaster,0.6191039,29.48025,21.364986
toilet,0.71937746,26.05349,20.864763
token,0.59376144,30.806038,18.350368
topic,0.6741538,26.64294,19.48684
torture,0.69399774,33.99722,23.362782
tourist,0.6059845,33.921715,27.584835
tower,0.71282125,24.667147,23.49844
tractor,0.78437674,18.905363,17.9089
trailer,0.6518586,36.05084,29.89336
trainer,0.46495312,32.806328,19.410717
transfer,0.49428818,37.87973,26.418055
travel,0.66194284,31.755062,22.982306
traveller,0.7252475,32.976166,32.411667
treatment,0.5102729,40.25839,29.284819
trial,0.7160103,28.960953,30.35638
triumph,0.6233745,35.520935,22.242704
trombone,0.6213403,27.83463,15.678668
trouble,0.70656353,37.727474,31.00342
trumpet,0.6454843,31.976799,26.028006
tulip,0.43235698,40.718674,20.543194
tumble,0.5423235,41.922653,30.825115
tunnel,0.5342895,13.191699,21.124006
turtle,0.6466636,34.707096,22.188847
uncle,0.41064107,33.977196,25.743097
under,0.54542816,32.2037,19.155922
unit,0.30200642,52.7715,24.649021
upright,0.7856913,25.892157,20.354239
upset,0.58851564,25.871958,20.564585
vacuum,0.5973257,27.4944,19.911255
valley,0.68287474,31.624899,20.264185
value,0.6604582,30.643698,22.93289
vapour,0.62558085,34.3598,26.086117
velvet,0.6946985,34.49462,33.66913
vessel,0.6706959,27.559975,20.991116
victim,0.5585744,30.834635,20.786465
village,0.62416923,32.514877,25.717947
virtue,0.6370719,29.592827,21.546
vodka,0.67057383,32.501583,23.094496
volume,0.60722125,36.89082,19.94052
voter,0.5743953,32.319416,20.046095
wallet,0.7075416,34.845943,20.230251
walnut,0.52109635,43.87343,20.907227
walrus,0.6327938,32.18899,21.693117
water,0.61658126,42.039474,21.960543
weather,0.64266324,32.06821,24.312622
welcome,0.64604044,38.18325,19.669376
welfare,0.67086285,34.191624,31.181133
whisker,0.46415037,35.45737,16.746466
whiskey,0.59037817,32.57556,21.127861
whisper,0.5611782,35.46061,19.25323
whistle,0.54210854,32.254177,27.85876
widow,0.61758375,36.894016,22.285158
window,0.4466664,32.352337,19.386591
winter,0.38406804,38.572197,19.019096
wire,0.7213285,32.1172,20.857508
wisdom,0.64514554,31.011784,24.611227
witness,0.5953532,33.809113,18.440445
wizard,0.53342867,39.202488,24.63939
woman,0.5216293,37.18755,20.350325
worker,0.57556194,30.854939,19.594885
writing,0.58406824,33.855022,20.94642
zero,0.60164857,36.45007,27.08947
zipper,0.5491858,23.381628,15.160519
